student ID,FirstName,LastName,StartDate,standard ,PayZone,Student ClassificationType,TerminationDescription,DepartmentType,Division,DOB,State, Student FunctionDescription,GenderCode,LocationCode,RaceDesc,Performance Score,Current student Rating,,,,,,,
3427,Uriah,Bridges,20-Sep-19,10,Zone C,Full time,,General  ,Finance & Accounting,10/7/1969,MA,Accounting,Female,34904,White,Fully Meets,4,,,,,,,
3428,Paula,Small,11-Feb-23,10,Zone A,Full time,,General  ,Aerial,8/30/1965,MA,Labor,Male,6593,Hispanic,Fully Meets,3,,,,,,,
3429,Edward,Buck,10-Dec-18,10,Zone B,Full time,,General  ,General - Sga,10/6/1991,MA,Assistant,Male,2330,Hispanic,Fully Meets,4,,,,,,,
3430,Michael,Riordan,21-Jun-21,10,Zone A,Full time,,General  ,Finance & Accounting,4/4/1998,ND,Clerk,Male,58782,Other,Fully Meets,2,,,,,,,
3431,Jasmine,Onque,29-Jun-19,10,Zone A,Full time,,General  ,General - Con,8/29/1969,FL,Laborer,Female,33174,Other,Fully Meets,3,,,,,,,
3432,Maruk,Fraval,17-Jan-20,10,Zone B,Full time,,General  ,Field Operations,4/3/1949,CT,Driver,Male,6050,Black,Fully Meets,3,,,,,,,
3433,Latia,Costa,6-Apr-22,10,Zone B,Full time,Me see picture nature degree benefit.,General  ,General - Eng,7/1/1942,CA,Technician,Female,90007,Hispanic,Exceeds,4,,,,,,,
3434,Sharlene,Terry,6-Nov-20,10,Zone C,Full time,Blue community type skill story.,General  ,Engineers,3/7/1957,OR,Engineer,Female,97756,White,Fully Meets,2,,,,,,,
3435,Jac,McKinzie,18-Aug-18,10,Zone B,Full time,,General  ,Executive,5/15/1974,TX,Executive Assistant,Male,78789,Black,Exceeds,3,,,,,,,
3436,Joseph,Martins,21-Jan-22,10,Zone B,Full time,Summer personal bag.,General  ,Engineers,11/11/1949,TX,Engineer,Male,78207,Asian,Fully Meets,5,,,,,,,
3437,Myriam,Givens,4-Aug-23,10,Zone B,Full time,,General  ,Field Operations,1/26/1964,IN,Technician,Female,46204,Other,Fully Meets,5,,,,,,,
3438,Dheepa,Nguyen,10-Aug-18,10,Zone C,Full time,Alone once than. More condition pay far.,General  ,General - Con,4/6/1948,GA,Technician,Female,30428,Asian,Fully Meets,3,,,,,,,
3439,Bartholemew,Khemmich,25-May-22,10,Zone A,Full time,Foot in theory minute recognize test.,General  ,Splicing,11/24/1981,CO,Splicer,Male,80820,Other,Fully Meets,3,,,,,,,
3440,Xana,Potts,5-Dec-19,10,Zone A,Full time,Degree wish science when thing week old.,General  ,Finance & Accounting,11/6/1951,KY,Controller,Female,40220,White,Fully Meets,3,,,,,,,
3441,Prater,Jeremy,28-Apr-19,10,Zone A,Full time,,General  ,General - Con,11/21/1989,NV,Lineman,Male,89139,Asian,Exceeds,4,,,,,,,
3442,Kaylah,Moon,9-Jul-19,10,Zone A,Full time,Fear particular method stage.,General  ,Field Operations,11/24/1952,MA,Laborer,Male,2810,Black,Exceeds,2,,,,,,,
3443,Kristen,Tate,5-Apr-21,10,Zone C,Full time,Wall body wonder successful.,General  ,Project Management - Con,4/8/1994,KY,Coordinator,Male,2621,Asian,Fully Meets,3,,,,,,,
3444,Bobby,Rodgers,28-Nov-21,10,Zone A,Full time,Visit foot nearly radio treatment.,General  ,Engineers,11/15/1983,KY,Director,Male,44553,Other,Fully Meets,3,,,,,,,
3445,Reid,Park,16-Jan-21,10,Zone C,Full time,,General  ,Project Management - Con,12/7/1985,KY,Supervisor,Female,5360,Other,Exceeds,4,,,,,,,
3446,Hector,Dalton,24-Aug-21,10,Zone A,Full time,,General  ,Field Operations,5/1/1996,TX,Driller,Female,16325,White,Exceeds,2,,,,,,,
3447,Mariela,Schultz,26-May-20,10,Zone C,Full time,Unit pass office southern break one.,General  ,General - Con,2/17/1964,TX,Technician,Female,43481,Asian,Fully Meets,3,,,,,,,
3448,Angela,Molina,1-Oct-19,10,Zone A,Full time,List class mind.,General  ,Engineers,5/12/1958,TX,Specialist,Male,50705,Asian,Fully Meets,3,,,,,,,
3449,Gerald,Preston,10-May-23,10,Zone B,Full time,Price third parent evening.,General  ,General - Eng,9/18/1992,CO,Technician,Male,5168,Black,Fully Meets,5,,,,,,,
3450,Reilly,Moyer,1-Sep-20,10,Zone C,Full time,Cause military a sense. Doctor property may.,General  ,Field Operations,8/11/1994,CO,,Male,11765,Other,Exceeds,2,,,,,,,
3451,Carlee,French,18-Feb-21,10,Zone C,Full time,Station another son positive.,General  ,General - Con,1/15/1968,CO,Technician,Male,71071,Other,Exceeds,3,,,,,,,
3452,Jaydon,Blackburn,8-Nov-22,10,Zone A,Full time,,General  ,General - Con,1/7/1947,IN,Foreman,Male,12122,Black,Fully Meets,2,,,,,,,
3453,Bridger,Carter,13-Oct-22,10,Zone C,Full time,,General  ,Fielders,4/7/1982,MA,Engineer,Male,87065,White,Fully Meets,4,,,,,,,
3454,Leon,Beard,11-Sep-22,10,Zone C,Full time,,General  ,General - Con,1/29/1970,KY,Foreman,Male,10415,Hispanic,Needs Improvement,4,,,,,,,
3455,Charity,Miranda,29-Jun-21,10,Zone C,Full time,Pm local take example fund. Small heavy listen.,General  ,Project Management - Eng,1/18/1999,KY,Manager,Male,3763,Other,Exceeds,4,,,,,,,
3456,Axel,Howe,6-Mar-23,10,Zone A,Full time,,General  ,Field Operations,9/25/1946,KY,Technician,Female,79623,Black,Fully Meets,3,,,,,,,
3457,Milton,Wall,25-Sep-20,10,Zone B,Full time,,General  ,Engineers,8/23/1947,KY,Technician,Female,69189,White,Needs Improvement,3,,,,,,,
3458,Cory,Robinson,28-Apr-22,10,Zone A,Full time,Several young whether that expert.,General  ,Field Operations,8/12/1996,TX,Laborer,Female,5194,Hispanic,Needs Improvement,3,,,,,,,
3459,Saniya,Yu,18-Apr-21,10,Zone A,Full time,Science end approach democratic treatment.,General  ,General - Con,2/9/1944,TX,Splicer,Male,8779,Black,Exceeds,2,,,,,,,
3460,Alisa,James,19-Feb-20,10,Zone A,Full time,,General  ,Aerial,2/10/1944,TX,Lineman,Male,74682,Asian,Fully Meets,3,,,,,,,
3461,Lincoln,Compton,18-Jul-19,10,Zone C,Full time,Base scene central unit per argue. Might last of.,General  ,General - Con,12/29/1997,CO,Foreman,Male,78046,Hispanic,Needs Improvement,1,,,,,,,
3462,Aliana,Nolan,13-Sep-18,10,Zone A,Full time,Yourself book budget product.,General  ,Field Operations,8/9/1942,CO,Coordinator,Male,27270,Hispanic,Needs Improvement,3,,,,,,,
3463,Kayden,Dodson,30-Apr-20,10,Zone A,Full time,Paper can score else investment.,General  ,Field Operations,6/21/1951,IN,Tower Hand,Male,12703,Hispanic,Fully Meets,1,,,,,,,
3464,James,Duke,3-Dec-18,10,Zone B,Full time,Stuff different color how.,General  ,Shop (Fleet),6/17/1998,MA,Mechanic,Male,66835,Black,Needs Improvement,5,,,,,,,
3465,Willow,Stuart,8-Nov-21,10,Zone B,Full time,,General  ,General - Con,1/7/1962,MA,Flagger,Male,66150,Asian,Needs Improvement,3,,,,,,,
3466,Clayton,Walker,13-Apr-22,10,Zone C,Full time,Sign figure employee card education.,General  ,Aerial,1/26/1979,KY,Supervisor,Male,64288,Other,Exceeds,4,,,,,,,
3467,Celia,Curtis,6-May-20,10,Zone A,Full time,,General  ,Fielders,5/14/1987,KY,Engineer,Female,94333,Asian,Exceeds,1,,,,,,,
3468,Valentin,Reilly,9-Sep-19,10,Zone B,Full time,,General  ,Wireline Construction,4/26/1998,KY,Foreman,Female,45453,Black,Fully Meets,4,,,,,,,
3469,Ryland,Shepherd,29-Jul-20,10,Zone B,Full time,Right cut matter arrive difference.,General  ,Field Operations,2/21/1945,TX,Driver,Female,81905,Asian,Needs Improvement,3,,,,,,,
3470,Esteban,Gilbert,14-Nov-18,10,Zone C,Full time,Speak professor statement result.,General  ,Field Operations,5/31/1997,TX,Technician,Female,12491,Black,Needs Improvement,3,,,,,,,
3471,Jonathan,Adkins,29-Feb-20,10,Zone C,Full time,,General  ,Field Operations,1/3/1967,TX,Foreman,Male,64350,Asian,Fully Meets,4,,,,,,,
3472,Nevaeh,Soto,15-Jan-23,10,Zone C,Full time,,General  ,Project Management - Con,1/12/1982,TX,Director,Male,74124,Other,Exceeds,4,,,,,,,
3473,Chaim,Mata,29-Jun-23,10,Zone A,Full time,,General  ,Shop (Fleet),10/1/1950,CO,Manager,Male,33379,Hispanic,Exceeds,2,,,,,,,
3474,Arely,Patton,9-Mar-20,10,Zone A,Full time,,General  ,Catv,12/16/1965,CO,Laborer,Male,34481,Other,Fully Meets,2,,,,,,,
3475,Vance,Trujillo,21-Sep-21,10,Zone C,Full time,Expert challenge education air none money wide.,General  ,General - Con,12/25/1957,IN,Foreman,Male,90406,Asian,Fully Meets,2,,,,,,,
3476,Charlie,Koch,12-Jun-23,10,Zone A,Full time,Buy become improve guess business know.,General  ,Fielders,6/20/1945,MA,Engineer,Male,95774,Asian,Needs Improvement,2,,,,,,,
3477,Sonny,Horne,7-Apr-19,10,Zone A,Full time,,General  ,Aerial,12/3/1969,KY,Laborer,Female,16058,Asian,Needs Improvement,2,,,,,,,
3478,Thomas,Chandler,17-Sep-18,10,Zone C,Full time,Read family dark scene scene guess.,General  ,Wireline Construction,10/10/1957,KY,Groundman,Female,45149,Hispanic,Fully Meets,2,,,,,,,
3479,Sarai,Stone,2-Aug-22,10,Zone A,Full time,Somebody great could yet.,General  ,Project Management - Con,5/17/1962,TX,Technician,Female,96336,Hispanic,Fully Meets,2,,,,,,,
3480,Jerimiah,Harmon,8-Sep-22,10,Zone C,Full time,View vote contain within fight cup party war.,General  ,Catv,8/9/1946,TX,Supervisor,Female,75671,Black,Fully Meets,1,,,,,,,
3481,Leland,Allen,7-Mar-19,10,Zone C,Full time,Buy house certain wrong research chair.,General  ,Wireline Construction,12/11/1965,TX,Splicer,Male,61149,Other,Fully Meets,4,,,,,,,
3482,Cristal,Bolton,29-Oct-19,10,Zone A,Full time,Miss onto none our discussion year.,General  ,Catv,2/11/1990,TX,Lineman,Male,57302,Asian,Needs Improvement,2,,,,,,,
3483,Jaslene,Harding,26-Sep-21,10,Zone B,Full time,,General  ,Project Management - Con,6/19/1964,CO,Coordinator,Male,42605,Asian,Fully Meets,1,,,,,,,
3484,Albert,Gonzalez,29-Aug-18,10,Zone B,Full time,,General  ,General - Con,7/18/1995,CO,Model Assistant,Male,64036,Other,Fully Meets,4,,,,,,,
3485,Jaiden,Johnson,26-Oct-21,10,Zone C,Full time,,General  ,Field Operations,8/22/1994,CO,Laborer,Male,23173,White,Fully Meets,5,,,,,,,
3486,Brendon,Mcconnell,31-Oct-22,10,Zone C,Full time,Nature finish modern push former American.,General  ,Fielders,11/14/1990,IN,Engineer,Male,19665,Other,Fully Meets,4,,,,,,,
3487,Kimora,Parsons,15-Mar-23,10,Zone B,Full time,,General  ,General - Sga,2/1/1994,KY,Administrator,Female,41161,Other,Fully Meets,4,,,,,,,
3488,Willie,Patterson,9-Sep-22,10,Zone B,Full time,,General  ,Wireline Construction,11/12/1997,KY,Lineman,Female,52499,Asian,Fully Meets,2,,,,,,,
3489,Devyn,Powers,4-Mar-22,10,Zone A,Full time,,General  ,Field Operations,5/2/1953,TX,Laborer,Female,25634,Black,Fully Meets,2,,,,,,,
3490,Weston,Preston,11-Feb-19,10,Zone A,Full time,,General  ,General - Sga,7/10/1991,TX,Director,Female,37965,Hispanic,Fully Meets,2,,,,,,,
3491,Lennon,Buchanan,26-Jan-21,10,Zone B,Full time,,General  ,Field Operations,6/2/1973,TX,Driver,Male,39504,White,Fully Meets,5,,,,,,,
3492,Vicente,Merritt,26-Nov-19,10,Zone C,Full time,,General  ,General - Con,1/8/1993,CO,Clerk,Male,31676,Asian,Fully Meets,1,,,,,,,
3493,Hugo,Clay,15-Jul-19,10,Zone C,Full time,,General  ,Project Management - Con,4/17/1984,CO,Project Manager,Male,28784,Asian,Fully Meets,5,,,,,,,
3494,Cohen,Raymond,18-Jun-20,10,Zone B,Full time,,General  ,General - Con,2/8/1994,CO,Technician,Male,90983,Black,Fully Meets,4,,,,,,,
3495,Tia,Ellis,22-Jun-23,10,Zone B,Full time,Night company image able suggest.,General  ,Wireline Construction,1/27/1993,IN,Laborer,Male,1115,Other,Fully Meets,4,,,,,,,
3496,Aspen,Bentley,2-Dec-21,10,Zone A,Full time,,General  ,General - Sga,9/19/1964,CA,Administrator,Male,72233,Other,Fully Meets,5,,,,,,,
3497,Graham,Rodriguez,8-Dec-21,10,Zone C,Full time,,General  ,Project Management - Con,2/18/1981,OR,Lineman,Female,58210,Hispanic,Fully Meets,1,,,,,,,
3498,Joel,Mcmillan,26-Apr-23,10,Zone A,Full time,About allow article. For gas player magazine.,General  ,General - Sga,10/17/1998,KY,Laborer,Female,36087,White,Fully Meets,2,,,,,,,
3499,Maci,Frost,25-Sep-18,10,Zone C,Full time,Seem hand dog. Us six beyond place fund well.,General  ,Field Operations,1/16/1971,KY,Technician,Female,61457,Asian,Fully Meets,5,,,,,,,
3500,Nevaeh,Lucas,20-Nov-18,10,Zone B,Full time,Game hour boy not write somebody owner.,General  ,Shop (Fleet),2/25/2000,TX,Mechanic,Female,80424,White,Fully Meets,1,,,,,,,
3501,Garrett,Zimmerman,30-Aug-20,10,Zone A,Full time,Worker medical commercial participant tough leg.,General  ,General - Con,4/19/1959,TX,Technician,Male,6240,Other,Fully Meets,4,,,,,,,
3502,Eugene,Marks,1-Oct-19,10,Zone C,Full time,,General  ,Splicing,6/29/1976,TX,Electrician,Male,49914,White,Fully Meets,1,,,,,,,
3503,Geovanni,Pugh,20-Jan-22,10,Zone A,Full time,,General  ,Project Management - Con,7/27/1951,CO,Manager,Male,71319,Other,Fully Meets,4,,,,,,,
3504,Javon,Kelley,10-Oct-21,10,Zone B,Full time,,General  ,General - Con,8/23/1980,CO,Laborer,Male,27992,Hispanic,Fully Meets,2,,,,,,,
3505,Amaya,Hicks,29-Aug-20,10,Zone B,Full time,,General  ,Field Operations,7/24/1943,IN,Groundman,Male,72324,Hispanic,Fully Meets,1,,,,,,,
3506,Laila,Woodard,27-Aug-19,10,Zone B,Full time,Fund nor half early miss follow.,General  ,Field Operations,7/6/1988,IN,Technician,Male,38740,Other,Fully Meets,2,,,,,,,
3507,Ivan,Huff,25-Feb-21,10,Full-Time,Full time,Full-Time,General  ,Line later deal stand sometimes too mind.,Sales,Project Management - Con,3/24/1973,CA,Manager,Male,9437,White,Single,Fully Meets,4,,,,
3508,Aidan,Harding,13-Jul-21,10,Full-Time,Full time,Part-Time,General  ,,Sales,Aerial,5/26/1942,OR,Laborer,Male,9385,Asian,Single,Fully Meets,5,,,,
3509,Cruz,Boyer,14-Apr-21,10,Part-Time,Full time,Full-Time,General  ,,Sales,General - Sga,11/4/1977,KY,Project Controls,Female,75993,Black,Married,Fully Meets,2,,,,
3510,Raven,Koch,10-Feb-20,10,Part-Time,Full time,Full-Time,General  ,,Sales,General - Con,10/17/1956,KY,Laborer,Female,65329,Hispanic,Married,Fully Meets,2,,,,
3511,Karli,Barker,17-Aug-21,10,Part-Time,Full time,Full-Time,General  ,Tell paper every.,Sales,Finance & Accounting,2/18/1997,KY,Director,Female,41111,Asian,Divorced,Fully Meets,4,,,,
3512,Tyrone,Sosa,17-Apr-23,10,Contract,Full time,Temporary,General  ,Why sport must page bad.,Sales,Yard (Material Handling),10/25/1996,TX,Coordinator,Female,58860,Black,Single,Fully Meets,2,,,,
3513,Damaris,Cisneros,2-Sep-22,10,Contract,Full time,Temporary,General  ,Something sense information final building.,Sales,General - Con,11/13/1959,TX,Laborer,Male,93051,Other,Married,Fully Meets,5,,,,
3514,Alexus,Estes,15-Apr-20,10,Full-Time,Full time,Part-Time,General  ,,Sales,Wireline Construction,1/3/1958,TX,Manager,Male,17419,Asian,Married,Fully Meets,1,,,,
3515,Kinsley,Flowers,9-Mar-22,10,Part-Time,Full time,Part-Time,General  ,School see rest firm I.,Sales,Finance & Accounting,4/29/1997,CO,Controller,Male,59593,White,Single,Fully Meets,4,,,,
3516,Deborah,Love,7-Apr-22,10,Contract,Full time,Part-Time,General  ,Source doctor rock group this.,Sales,Project Management - Con,6/25/1988,CO,Coordinator,Male,96350,Asian,Divorced,Fully Meets,5,,,,
3517,Milagros,Francis,19-Feb-20,10,Part-Time,Full time,Part-Time,General  ,,Sales,Splicing,1/4/1942,IN,Splicer,Male,44469,Hispanic,Widowed,Fully Meets,4,,,,
3518,Roberto,Michael,10-Apr-21,10,Contract,Full time,Part-Time,General  ,Little imagine career he produce program.,Sales,General - Eng,5/24/1969,CA,Coordinator,Female,13249,Hispanic,Married,Fully Meets,2,,,,
3519,Elaine,Ewing,19-Dec-21,10,Part-Time,Full time,Temporary,General  ,Your very trip successful memory to while out.,Sales,Aerial,3/28/1951,CA,Groundman,Male,17123,Hispanic,Widowed,Fully Meets,2,,,,
3520,Caiden,Munoz,13-Dec-20,10,Full-Time,Full time,Temporary,General  ,Red some option.,Sales,Project Management - Con,3/1/1963,ND,Manager,Female,18983,Black,Divorced,Fully Meets,1,,,,
3521,Jocelyn,Bradford,26-Feb-19,10,Contract,Full time,Part-Time,General  ,,Sales,General - Con,4/16/1949,KY,Electrician,Female,51795,Asian,Divorced,Fully Meets,4,,,,
3522,Marques,Armstrong,2-Mar-20,10,Full-Time,Full time,Part-Time,General  ,,Sales,Splicing,10/12/1983,KY,Splicer,Female,34369,Other,Single,Fully Meets,1,,,,
3523,Rohan,Chapman,25-Jun-21,10,Full-Time,Full time,Temporary,General  ,Theory grow future week house.,Sales,General - Con,12/19/1978,KY,Laborer,Female,23092,Other,Single,Fully Meets,2,,,,
3524,Emmanuel,Franklin,26-Jul-21,10,Contract,Full time,Full-Time,General  ,Inside week also so.,Sales,Field Operations,11/11/1999,TX,Laborer,Male,6074,Asian,Divorced,Fully Meets,2,,,,
3525,Clayton,Mccormick,3-Jul-22,10,Contract,Full time,Temporary,General  ,Surface vote old picture.,Sales,General - Con,1/29/1967,TX,Foreman,Male,72264,Hispanic,Single,Fully Meets,2,,,,
3526,Darius,Krause,15-Sep-22,10,Full-Time,Full time,Full-Time,General  ,,Sales,General - Con,5/30/1948,TX,Foreman,Male,28282,White,Widowed,Fully Meets,4,,,,
3527,Ahmed,Hawkins,1-May-20,10,Full-Time,Full time,Temporary,General  ,Especially thing recognize year fine shoulder.,Sales,Aerial,10/15/1974,CO,Lineman,Male,46645,Black,Married,Fully Meets,1,,,,
3528,Kymani,Benjamin,13-Oct-22,10,Full-Time,Full time,Part-Time,General  ,,Sales,Finance & Accounting,12/13/1991,CO,Accounting,Male,10790,Hispanic,Widowed,Fully Meets,2,,,,
3529,Callum,Mcdaniel,3-Jan-20,10,Part-Time,Full time,Full-Time,General  ,Camera spring color about energy provide claim.,Sales,Field Operations,6/18/1994,IN,Top Hand,Male,67282,Hispanic,Single,Fully Meets,2,,,,
3530,Zariah,Black,13-Nov-19,10,Full-Time,Full time,Part-Time,General  ,,Sales,Field Operations,6/16/1993,CA,Tower Hand,Female,62321,Black,Widowed,Fully Meets,2,,,,
3531,Ronnie,Mayer,17-Jun-23,10,Full-Time,Full time,Full-Time,General  ,,Sales,Project Management - Con,5/18/1943,CA,Project Manager,Male,18409,Black,Divorced,Fully Meets,1,,,,
3532,Marlon,Ford,14-Oct-21,10,Part-Time,Full time,Full-Time,General  ,,IT/IS,Wireless,11/27/1966,OR,Technician,Female,40306,Black,Widowed,Fully Meets,1,,,,
3533,Slade,Griffith,1-Jun-21,10,Contract,Full time,Full-Time,General  ,Pass language out side age evidence.,Sales,General - Sga,11/12/1966,ND,Administrator,Male,65183,White,Married,Fully Meets,2,,,,
3534,Lee,Frye,14-Sep-18,10,Full-Time,Full time,Full-Time,General  ,,Sales,Engineers,8/16/1959,KY,Engineer,Female,97002,Asian,Single,Fully Meets,4,,,,
3535,Veronica,Rowe,11-Dec-18,10,Full-Time,Full time,Temporary,General  ,Popular west moment natural step activity.,Sales,Fielders,2/2/1994,KY,Engineer,Female,29811,Black,Single,Fully Meets,4,,,,
3536,Aylin,Berg,6-Aug-22,10,Contract,Full time,Temporary,General  ,,Sales,General - Sga,1/2/1989,GA,Administrative,Female,89169,Black,Single,Fully Meets,2,,,,
3537,Neveah,Rowe,28-May-22,10,Contract,Full time,Part-Time,General  ,Manager lead both sing.,Sales,Field Operations,7/11/1954,TX,Foreman,Male,63882,Hispanic,Married,Fully Meets,2,,,,
3538,Keith,Baxter,16-Jun-19,10,Part-Time,Full time,Part-Time,General  ,And after why station much cell low.,Sales,Fielders,8/29/1959,TX,Engineer,Male,62328,Asian,Widowed,Fully Meets,2,,,,
3539,Chaz,Bruce,8-Dec-19,10,Full-Time,Full time,Temporary,General  ,,Sales,General - Con,11/27/1983,CO,Foreman,Male,74448,Hispanic,Single,Fully Meets,5,,,,
3540,Maya,Mccann,12-Mar-20,10,Full-Time,Full time,Part-Time,General  ,American rule surface very figure.,Sales,Splicing,6/9/1983,CO,Supervisor,Male,18721,White,Widowed,Exceeds,4,,,,
3541,Aaron,Weber,6-Apr-20,10,Full-Time,Full time,Full-Time,General  ,Read stand western white article campaign dog.,Sales,Field Operations,10/27/1991,IN,Technician,Male,78938,Black,Married,Exceeds,2,,,,
3542,Ellie,Gill,15-Apr-23,10,Active,Full time,Zone A,General  ,Unk,,Sales,Field Operations,3/1/1948,IN,Manager,Male,45456,White,Married,Needs Improvement,1,,,
3543,Rayne,Kerr,10-Nov-20,10,Active,Full time,Zone A,General  ,Unk,,Sales,General - Con,2/18/1981,CA,Laborer,Female,45509,Black,Single,Fully Meets,2,,,
3544,Samara,Mcbride,29-Jun-23,10,Active,Full time,Zone A,General  ,Retirement,Political likely land country.,Sales,Aerial,9/16/2000,CA,Foreman,Male,13902,Asian,Single,Fully Meets,2,,,
3545,Ryann,Rubio,7-Mar-22,10,Active,Full time,Zone C,General  ,Unk,,IT/IS,Field Operations,1/28/1943,OR,Locator,Female,9733,Black,Widowed,Fully Meets,1,,,
3546,Paris,Carr,31-Jul-21,10,Active,Full time,Zone B,General  ,Voluntary,Baby million million soldier.,Sales,General - Con,7/14/1980,ND,Foreman,Male,35786,Hispanic,Widowed,Exceeds,1,,,
3547,Adriel,Wiggins,20-Jan-22,10,Active,Full time,Zone B,General  ,Unk,,Sales,Project Management - Eng,3/25/1947,KY,Supervisor,Female,1919,Other,Married,Needs Improvement,2,,,
3548,Sanaa,Glass,11-Jul-21,10,Active,Full time,Zone A,General  ,Resignation,Bit reveal forget the.,Sales,General - Con,1/25/1964,KY,Technician,Female,40135,White,Single,Fully Meets,1,,,
3549,Ryan,Lynch,15-Oct-18,10,Active,Full time,Zone C,General  ,Retirement,Fact southern recognize themselves type mean.,Sales,Field Operations,3/17/1955,GA,Technician,Female,72975,Black,Divorced,Fully Meets,2,,,
3550,Charlie,Atkinson,26-Nov-21,10,Future Start,Full time,Zone C,General  ,Resignation,Will person decade Republican.,Sales,Wireline Construction,3/26/1988,TX,Billing,Male,57754,White,Divorced,Fully Meets,1,,,
3551,Emery,Roach,11-Aug-18,10,Active,Full time,Zone C,General  ,Unk,,Sales,Engineers,7/4/1954,TX,Engineer,Male,81142,Black,Married,Needs Improvement,4,,,
3552,Harper,Ramos,16-Feb-20,10,Active,Full time,Zone B,General  ,Retirement,Stand possible truth bank on meet daughter.,Sales,Field Operations,8/11/1942,CO,Foreman,Male,28714,White,Single,Needs Improvement,1,,,
3553,Khalil,Mendez,20-Jan-20,10,Active,Full time,Zone C,General  ,Unk,,Sales,Field Operations,5/7/1949,CO,Foreman,Male,50379,Black,Divorced,Fully Meets,4,,,
3554,Lizeth,Holland,31-Mar-19,10,Active,Full time,Zone C,General  ,Unk,,Sales,People Services,10/14/1958,IN,Cpo,Male,78385,Asian,Widowed,Fully Meets,1,,,
3555,Matilda,Randall,6-Jan-23,10,Active,Full time,Zone C,General  ,Resignation,Choose list of all nor stock.,Sales,General - Eng,1/11/1988,IN,Drafter,Female,48104,Hispanic,Widowed,Fully Meets,4,,,
3556,Damien,Howe,18-Jul-19,10,Active,Full time,Zone B,General  ,Retirement,Community material much behind.,Sales,Wireline Construction,6/16/1961,CA,Vp,Male,86009,White,Single,Exceeds,2,,,
3557,Nicholas,Obrien,13-Feb-19,10,Active,Full time,Zone C,General  ,Unk,,Sales,Field Operations,6/6/1960,MA,Operator,Male,68837,Other,Single,Fully Meets,2,,,
3558,Mildred,Gentry,30-Dec-18,10,Active,Full time,Zone A,General  ,Unk,,Production       ,Yard (Material Handling),6/4/1959,MA,Manager,Female,2145,Black,Single,Fully Meets,1,,,
3559,Wilson K,Adinolfi,6-Nov-19,10,Active,Full time,Zone C,General  ,Retirement,Age approach seek person across yes care.,Production       ,Field Operations,11/18/1991,MA,Assistant,Male,1960,White,Single,Fully Meets,2,,,
3560,Joanne,Handschiegl,1-Jun-22,10,Active,Full time,Zone C,General  ,Unk,,Production       ,Field Operations,2/18/1954,MA,Technician,Female,2127,Asian,Divorced,Exceeds,4,,,
3561,Dianna,Blount,28-Mar-23,10,Active,Full time,Zone C,General  ,Unk,,Production       ,General - Con,1/31/1959,MA,Technician,Female,2171,White,Married,Fully Meets,5,,,
3562,Jean,Crimmings,21-May-19,10,Future Start,Full time,Zone B,General  ,Retirement,Whom summer common produce despite follow.,Production       ,Shop (Fleet),4/9/1954,MA,Manager,Female,1821,Other,Single,Exceeds,2,,,
3563,Nore,Sadki,1-Jan-19,10,Active,Full time,Zone B,General  ,Unk,,Production       ,Field Operations,10/15/1946,MA,Driver,Male,2148,Black,Widowed,PIP,4,,,
3564,Susan,Lundy,26-Jan-19,10,Voluntarily Terminated,Full time,Zone C,General  ,Resignation,Week degree party available measure.,Production       ,Aerial,11/7/1994,MA,Lineman,Female,2122,White,Divorced,Fully Meets,1,,,
3565,Kramer,Keatts,11-Sep-21,10,Active,Full time,Zone B,General  ,Unk,,Production       ,General - Con,5/10/1968,MA,Lineman,Male,1887,Other,Divorced,Fully Meets,4,,,
3566,Maliki,Moumanil,26-Sep-21,10,Active,Full time,Zone A,General  ,Unk,,Production       ,Aerial,10/5/1963,MA,Lineman,Male,1460,Black,Single,Fully Meets,2,,,
3567,Nader,Barton,4-Mar-23,10,Debra Garcia,nader.barton@bilearner.com,EW,General  ,Full-Time,Zone C,Full-Time,Unk,,Production       ,General - Sga,9/2/1966,MA,Technician,Male,2747,Asian,Widowed,Fully Meets,4
3568,Quinn,Rarrick,11-Jul-23,10,Susan Brown,quinn.rarrick@bilearner.com,EW,General  ,Full-Time,Zone B,Part-Time,Involuntary,Couple really very hear.,Production       ,Field Operations,12/8/1974,MA,Foreman,Male,2478,Asian,Divorced,Fully Meets,2
3569,Beatrice,Chace,9-Feb-19,10,Margaret Hampton,beatrice.chace@bilearner.com,MSC,General  ,Part-Time,Zone B,Temporary,Involuntary,Trial little must kitchen recently.,Production       ,Catv,7/19/1995,MA,Supervisor,Female,2763,Hispanic,Divorced,Fully Meets,2
3570,Adrienne J,Homberger,19-Apr-19,10,Brandon Miller,adrienne j.homberger@bilearner.com,TNS,General  ,Full-Time,Zone B,Temporary,Voluntary,Change instead determine share far leg ground.,Production       ,Fielders,11/23/1974,MA,Engineer,Female,2445,Asian,Married,Fully Meets,1
3571,Marilyn,Linares,7-Jul-22,10,Dr. Matthew Schmitt,marilyn.linares@bilearner.com,NEL,General  ,Part-Time,Zone C,Full-Time,Resignation,Heavy throughout program.,Production       ,Field Operations,8/29/1947,MA,Engineer,Female,1886,White,Widowed,Fully Meets,4
3572,Timothy,Sullivan,12-Mar-19,10,Shawn Berry,timothy.sullivan@bilearner.com,WBL,General  ,Contract,Zone A,Part-Time,Retirement,Where first Mr remember crime.,Production       ,Fielders,6/7/1994,MA,Engineer,Male,2747,White,Single,Fully Meets,5
3573,Jennifer,Medeiros,9-Mar-20,10,Brittany Martin,jennifer.medeiros@bilearner.com,NEL,General  ,Contract,Zone B,Full-Time,Involuntary,Cup purpose hundred region similar.,Production       ,Field Operations,10/26/1983,MA,Driller,Female,2346,Asian,Divorced,Exceeds,4
3574,Anna,Von Massenbach,18-May-21,10,Timothy Weaver,anna.von massenbach@bilearner.com,WBL,General  ,Contract,Zone B,Full-Time,Involuntary,News quite number answer program.,Production       ,Underground,5/6/1951,MA,Laborer,Female,2124,Hispanic,Widowed,Fully Meets,1
3575,George,Johnson,28-Apr-21,10,Amanda Smith,george.johnson@bilearner.com,MSC,General  ,Part-Time,Zone A,Temporary,Resignation,Big large training region.,Production       ,Field Operations,3/5/1987,MA,Groundman,Male,2445,Hispanic,Single,Exceeds,5
3576,Angela,Erilus,21-Jul-21,10,Marc Cummings,angela.erilus@bilearner.com,PL,General  ,Full-Time,Zone B,Full-Time,Voluntary,Reflect off growth mouth have.,Production       ,Engineers,4/26/1992,MA,Project Manager,Female,2133,Asian,Single,Exceeds,4
3577,Miguel,Estremera,15-Sep-19,10,James Rodriguez,miguel.estremera@bilearner.com,BPC,General  ,Part-Time,Zone C,Temporary,Unk,,Production       ,Field Operations,5/30/1957,MA,Tower Hand,Male,2129,White,Widowed,Fully Meets,4
3578,Clinton,Owad,4-May-19,10,Elizabeth Sullivan MD,clinton.owad@bilearner.com,WBL,General  ,Full-Time,Zone A,Temporary,Unk,,Production       ,Field Operations,5/30/1957,MA,Technician,Male,1760,Hispanic,Married,Exceeds,2
3579,Constance,Sloan,20-May-21,10,Sean Marsh,constance.sloan@bilearner.com,BPC,General  ,Full-Time,Zone C,Part-Time,Unk,,Production       ,Field Operations,11/15/1946,MA,Laborer,Female,1851,Asian,Widowed,Needs Improvement,4
3580,Davion,Sanchez,16-Dec-19,10,Kathryn Wilkinson,davion.sanchez@bilearner.com,PYZ,General  ,Full-Time,Zone C,Full-Time,Unk,,Production       ,Field Operations,4/21/1942,MA,Foreman,Male,41016,Other,Married,Fully Meets,4
3581,Ross,Strickland,20-Nov-20,10,Paul Walker,ross.strickland@bilearner.com,SVG,General  ,Full-Time,Zone A,Part-Time,Voluntary,Memory high then mind concern carry level life.,Production       ,Wireline Construction,3/8/1943,MA,Foreman,Male,18389,Other,Divorced,Fully Meets,2
3582,Augustus,Drake,19-Aug-20,10,Elizabeth Robertson,augustus.drake@bilearner.com,TNS,General  ,Part-Time,Zone B,Part-Time,Retirement,Other might rise today.,Production       ,Yard (Material Handling),8/9/1968,MA,Laborer,Male,90676,Asian,Widowed,Fully Meets,4
3583,Gracelyn,Huynh,28-Apr-21,10,Tasha Mayer,gracelyn.huynh@bilearner.com,WBL,General  ,Full-Time,Zone C,Temporary,Retirement,Others those data before major how.,Production       ,Field Operations,11/20/1958,MA,Construction Manager,Female,16011,White,Married,Needs Improvement,4
3584,Orlando,Armstrong,14-Aug-20,10,Chris Walker,orlando.armstrong@bilearner.com,BPC,General  ,Contract,Zone C,Full-Time,Unk,,Production       ,Field Operations,11/7/1987,MA,Lineman,Female,2051,Other,Married,Fully Meets,4
3585,Edward,Everett,22-Dec-21,10,Traci Floyd,edward.everett@bilearner.com,CCDR,General  ,Full-Time,Zone A,Full-Time,Unk,,Production       ,Yard (Material Handling),7/16/1992,MA,Laborer,Female,3074,Black,Divorced,Fully Meets,4
3586,Jaqueline,Terrell,1-Feb-19,10,Veronica Wiley,jaqueline.terrell@bilearner.com,EW,General  ,Part-Time,Zone B,Full-Time,Resignation,Identify next game leader.,Production       ,People Services,12/27/2000,MA,Manager,Female,24711,Hispanic,Single,Fully Meets,2
3587,Quinn,Mccullough,10-May-21,10,Katherine Gay,quinn.mccullough@bilearner.com,MSC,General  ,Full-Time,Zone B,Temporary,Resignation,Society red to able.,Production       ,General - Eng,12/25/1977,MA,Administrative,Male,74564,Other,Divorced,Fully Meets,2
3588,Selena,Greer,25-Jun-19,10,Paul Lopez,selena.greer@bilearner.com,NEL,General  ,Full-Time,Zone C,Full-Time,Retirement,Everybody no four arrive major ten culture.,Production       ,Shop (Fleet),3/8/1972,MA,Mechanic,Male,14504,Black,Widowed,Fully Meets,2
3589,Giovani,Roy,25-Apr-19,10,Jay Bush,giovani.roy@bilearner.com,PL,General  ,Contract,Zone B,Temporary,Unk,,Production       ,Field Operations,8/2/1951,MA,Laborer,Male,2683,White,Single,Fully Meets,1
3590,Dominik,Mullen,25-Feb-21,10,Jessica Allen,dominik.mullen@bilearner.com,PYZ,General  ,Part-Time,Zone C,Full-Time,Retirement,Country as dream project office.,Production       ,Field Operations,5/31/1995,MA,Laborer,Male,66167,Asian,Widowed,Fully Meets,4
3591,Abdullah,Ellison,23-Nov-21,10,Dr. William Thompson,abdullah.ellison@bilearner.com,SVG,General  ,Contract,Zone B,Part-Time,Voluntary,Quality decade director.,Production       ,Field Operations,11/14/1998,MA,Supervisor,Female,21634,White,Married,Needs Improvement,5
3592,Andre,Guzman,5-Oct-21,10,Mrs. Audrey Gonzalez DDS,andre.guzman@bilearner.com,TNS,General  ,Contract,Zone B,Full-Time,Voluntary,Particular network available hospital.,Production       ,Field Operations,12/23/1998,MA,Technician,Male,9454,Other,Single,Fully Meets,3
3593,Brayden,Malone,30-May-20,10,Ashley Bradshaw,brayden.malone@bilearner.com,WBL,General  ,Contract,Zone A,Full-Time,Unk,,Production       ,General - Con,11/11/1949,MA,Foreman,Male,48453,Asian,Married,Fully Meets,1
3594,Maribel,Morrison,11-Dec-18,10,Ashley Meyer,maribel.morrison@bilearner.com,PYZ,General  ,Part-Time,Zone B,Part-Time,Unk,,Production       ,Field Operations,3/14/1968,MA,Technician,Male,72888,Black,Married,Needs Improvement,1
3595,Fisher,Stafford,22-Sep-20,10,Nicole Delgado,fisher.stafford@bilearner.com,WBL,General  ,Contract,Zone A,Temporary,Resignation,Dark meeting play room head join truth involve.,Production       ,Engineers,3/2/1952,MA,Technician,Male,56703,Other,Divorced,Fully Meets,1
3596,Kellen,Medina,28-Jul-19,10,John Henry,kellen.medina@bilearner.com,NEL,General  ,Part-Time,Zone C,Full-Time,Unk,,Production       ,Splicing,7/19/1982,MA,Technician,Male,33998,Other,Single,Needs Improvement,2
3597,Brenton,Monroe,6-Jun-20,10,Autumn Decker,brenton.monroe@bilearner.com,PYZ,General  ,Contract,Zone C,Part-Time,Retirement,Democrat themselves deal future early.,Production       ,General - Con,10/31/1986,MA,Foreman,Female,17650,Black,Single,Fully Meets,1
3598,Derick,Rocha,28-Sep-18,10,Alex Moore,derick.rocha@bilearner.com,SVG,General  ,Part-Time,Zone A,Full-Time,Resignation,Majority executive plan imagine.,Production       ,Project Management - Eng,10/6/1950,MA,Supervisor,Female,72750,Other,Married,Needs Improvement,1
3599,Elaine,Weeks,12-Apr-20,10,Dana Smith,elaine.weeks@bilearner.com,TNS,General  ,Part-Time,Zone A,Temporary,Unk,,Production       ,General - Con,3/31/1950,MA,Technician,Female,14044,White,Divorced,Fully Meets,2
3600,Marely,Dixon,1-Nov-22,10,Bobby Serrano,marely.dixon@bilearner.com,WBL,General  ,Contract,Zone B,Temporary,Unk,,Production       ,Field Operations,10/7/1949,MA,Technician,Female,34810,White,Single,Fully Meets,2
3601,Keagan,Henson,21-Nov-22,10,Robert Riley,keagan.henson@bilearner.com,BPC,General  ,Part-Time,Zone B,Full-Time,Unk,,Production       ,Wireline Construction,7/22/1966,MA,Billing,Female,75187,White,Married,Fully Meets,5
3602,Helena,Davenport,11-Apr-21,10,Crystal Mcneil,helena.davenport@bilearner.com,CCDR,General  ,Full-Time,Zone B,Part-Time,Involuntary,Quality audience deal assume.,Production       ,Engineers,10/12/1994,MA,Engineer,Female,30766,Hispanic,Married,Fully Meets,5
3603,Houston,Aguirre,29-Nov-18,10,Christine Costa,houston.aguirre@bilearner.com,EW,General  ,Full-Time,Zone A,Part-Time,Resignation,To trial deep.,Production       ,Field Operations,2/15/1977,MA,Technician,Female,58348,White,Married,Fully Meets,2
3604,Kane,Owen,16-Jan-19,10,Mark Hale,kane.owen@bilearner.com,MSC,General  ,Part-Time,Zone B,Full-Time,Resignation,Sometimes surface page stand area.,Production       ,Field Operations,3/9/1948,MA,Foreman,Female,44626,Hispanic,Divorced,Needs Improvement,4
3605,Emerson,Pitts,18-Sep-19,10,Destiny Johnson,emerson.pitts@bilearner.com,CCDR,General  ,Contract,Zone C,Temporary,Unk,,Production       ,Engineers,8/25/1943,MA,Technician,Male,2315,Other,Divorced,Fully Meets,4
3606,Clarissa,Winters,1-Aug-19,10,Eric Gonzales,clarissa.winters@bilearner.com,SVG,General  ,Part-Time,Zone C,Full-Time,Involuntary,Poor list reduce reality.,Production       ,Billable Consultants,3/13/1965,MA,Engineer,Male,95618,Other,Divorced,Fully Meets,3
3607,Frankie,Atkins,18-Jun-19,10,Christopher Murray,frankie.atkins@bilearner.com,EW,General  ,Full-Time,Zone A,Full-Time,Resignation,Finally build do analysis beyond heavy.,Production       ,Project Management - Con,8/3/1976,MA,Coordinator,Male,15195,Other,Married,Fully Meets,5
3608,Ally,Zhang,13-Feb-19,10,Ashley Williamson,ally.zhang@bilearner.com,MSC,General  ,Full-Time,Zone C,Part-Time,Unk,,Production       ,Field Operations,7/6/1979,MA,Technician,Male,74447,Other,Married,Fully Meets,3
3609,Kayleigh,Harmon,2-Jun-21,10,Frederick Harrison,kayleigh.harmon@bilearner.com,TNS,General  ,Contract,Zone B,Full-Time,Unk,,Production       ,Shop (Fleet),6/9/1993,MA,Welder,Female,21318,Other,Widowed,Fully Meets,3
3610,Kayley,Myers,11-Oct-18,10,Brian Arnold,kayley.myers@bilearner.com,PYZ,General  ,Part-Time,Zone C,Full-Time,Unk,,Production       ,Field Operations,4/7/1973,MA,Laborer,Female,51430,Other,Single,Fully Meets,3
3611,Rowan,Cobb,9-Mar-21,10,Lori Reed,rowan.cobb@bilearner.com,WBL,General  ,Contract,Zone C,Full-Time,Unk,,Production       ,Project Management - Con,1/20/1952,MA,Technician,Female,85651,Hispanic,Married,Fully Meets,2
3612,Edward,Mann,23-Jan-22,10,Trevor Rodriguez,edward.mann@bilearner.com,NEL,General  ,Contract,Zone A,Part-Time,Unk,,Production       ,Field Operations,12/25/1984,MA,Technician,Male,68900,Black,Single,PIP,4
3613,Amirah,Johnson,24-Feb-19,10,Jason Owens,amirah.johnson@bilearner.com,PL,General  ,Contract,Zone B,Part-Time,Unk,,Production       ,Field Operations,6/14/1973,MA,Laborer,Male,9241,Asian,Married,Exceeds,1
3614,Bridget,Deleon,8-Jan-20,10,Clifford Martinez,bridget.deleon@bilearner.com,BPC,General  ,Contract,Zone B,Temporary,Voluntary,Store common between real.,Production       ,Project Management - Con,8/31/1973,MA,Field Project Manager,Male,23691,White,Married,Fully Meets,2
3615,Martin,Weber,13-May-21,10,Lee Hudson,martin.weber@bilearner.com,CCDR,General  ,Full-Time,Zone B,Part-Time,Retirement,View ever record ahead.,Production       ,General - Con,5/14/1986,MA,Manager,Male,74388,Asian,Divorced,Exceeds,2
3616,Ruben,Lewis,12-Feb-22,10,Allison Tran,ruben.lewis@bilearner.com,SVG,General  ,Contract,Zone C,Full-Time,Unk,,Production       ,General - Con,3/24/1981,MA,Laborer,Female,14234,Hispanic,Married,Fully Meets,4
3617,Bailey,Collier,1-Feb-23,10,Pamela Johnson,bailey.collier@bilearner.com,EW,General  ,Full-Time,Zone C,Full-Time,Unk,,Production       ,Wireline Construction,2/18/1961,MA,Splicer,Female,37635,Hispanic,Married,Fully Meets,1
3618,Charlee,Roth,4-Feb-23,10,Erin Harris,charlee.roth@bilearner.com,MSC,General  ,Part-Time,Zone B,Temporary,Unk,,Production       ,Splicing,5/5/1944,MA,Splicer,Male,13186,Black,Married,Fully Meets,3
3619,Karissa,Bowers,23-Mar-23,10,Robert Wright,karissa.bowers@bilearner.com,TNS,General  ,Full-Time,Zone A,Full-Time,Involuntary,Some others lot miss land similar.,Production       ,General - Con,3/17/1984,MA,Technician,Male,76278,Asian,Married,Fully Meets,3
3620,Noel,Ramirez,22-Mar-23,10,Mr. Nicholas Austin,noel.ramirez@bilearner.com,PYZ,General  ,Part-Time,Zone A,Temporary,Involuntary,Outside sing song relationship action teach.,Production       ,General - Eng,10/12/1994,MA,Specialist,Male,77580,Hispanic,Married,Fully Meets,2
3621,Victoria,Franco,28-Nov-18,10,Natalie Cannon,victoria.franco@bilearner.com,WBL,General  ,Contract,Zone A,Full-Time,Unk,,Production       ,Wireless,9/9/1997,MA,Laborer,Male,15586,White,Married,Fully Meets,2
3622,Danika,Fleming,9-Jul-20,10,Christopher Ayers,danika.fleming@bilearner.com,SVG,General  ,Part-Time,Zone A,Temporary,Resignation,Song remember visit finish edge difficult down.,Production       ,Field Operations,10/16/1995,MA,Laborer,Female,75607,Hispanic,Divorced,Fully Meets,3
3623,Jocelyn,Kline,11-Feb-19,10,Elizabeth Burton,jocelyn.kline@bilearner.com,EW,General  ,Part-Time,Zone A,Full-Time,Unk,,Production       ,Engineers,4/25/1958,MA,Engineer,Female,47289,Asian,Divorced,Fully Meets,3
3624,Cesar,Higgins,9-Jan-20,10,Timothy Curtis,cesar.higgins@bilearner.com,MSC,General  ,Part-Time,Zone B,Part-Time,Unk,,Production       ,Technology / It,2/4/1996,MA,Engineer,Female,85711,Asian,Married,Fully Meets,4
3625,Gabriel,Dodson,11-Nov-21,10,Tammy Navarro,gabriel.dodson@bilearner.com,TNS,General  ,Contract,Zone B,Part-Time,Resignation,Interesting final piece follow.,Production       ,Engineers,12/14/1975,MA,Engineer,Female,54392,Asian,Single,Fully Meets,5
3626,Raphael,Sandoval,15-May-21,12,Natalie Baker,raphael.sandoval@bilearner.com,PYZ,commerce ,Full-Time,Zone B,Temporary,Unk,,Production       ,Field Operations,10/28/1993,MA,Foreman,Female,61825,Asian,Single,Fully Meets,2
3627,Ruth,Harrell,21-Aug-19,12,Jesse Wilson,ruth.harrell@bilearner.com,WBL,commerce ,Contract,Zone C,Full-Time,Resignation,Sport enter think order determine.,Production       ,Field Operations,2/23/1967,MA,Supervisor,Female,52646,Black,Married,Fully Meets,3
3628,Peyton,Barber,18-Sep-20,12,Megan Small,peyton.barber@bilearner.com,NEL,commerce ,Contract,Zone B,Part-Time,Unk,,Production       ,Engineers,1/27/1946,MA,Technician,Female,56126,Hispanic,Married,Fully Meets,3
3629,Reginald,Lowery,27-Aug-22,12,Dr. David Austin Jr.,reginald.lowery@bilearner.com,NEL,commerce ,Contract,Zone B,Full-Time,Voluntary,Expect grow back list letter.,Production       ,Field Operations,11/26/1983,MA,Laborer,Male,70056,Black,Divorced,Fully Meets,5
3630,Stephanie,Briggs,23-Feb-19,12,Scott Davis,stephanie.briggs@bilearner.com,MSC,commerce ,Contract,Zone B,Full-Time,Unk,,Production       ,Field Operations,5/7/1965,MA,Laborer,Male,81819,Other,Widowed,Fully Meets,5
3631,Shaniya,Becker,8-Aug-22,12,Kristin Salinas,shaniya.becker@bilearner.com,EW,commerce ,Contract,Zone C,Full-Time,Retirement,Experience room top and including compare.,Production       ,Wireline Construction,4/28/1947,MA,Apprentice,Male,12978,Other,Divorced,Fully Meets,3
3632,Ryan,Oconnell,24-Sep-22,12,Bridget Jones,ryan.oconnell@bilearner.com,CCDR,commerce ,Contract,Zone C,Full-Time,Involuntary,Realize work series fact weight contain.,Production       ,Field Operations,10/3/1945,MA,Foreman,Male,37983,Asian,Married,Fully Meets,3
3633,Emma,Ware,21-Mar-22,12,Melissa Wilkinson,emma.ware@bilearner.com,BPC,commerce ,Contract,Zone B,Temporary,Unk,,Production       ,Aerial,3/24/1987,MA,Laborer,Female,56687,Hispanic,Single,Fully Meets,5
3634,Keyon,Haley,23-Jun-23,12,Eric Cunningham,keyon.haley@bilearner.com,PYZ,commerce ,Part-Time,Zone B,Full-Time,Retirement,Despite budget compare international little.,Production       ,General - Sga,4/26/1962,MA,Supervisor,Female,40148,Other,Married,Fully Meets,5
3635,Kylee,Bates,26-Oct-20,12,Stephen Barron,kylee.bates@bilearner.com,WBL,commerce ,Part-Time,Zone C,Part-Time,Unk,,Production       ,Yard (Material Handling),3/12/1978,MA,Runner,Female,71593,Hispanic,Single,Fully Meets,4
3636,Marc,Chandler,29-Jan-20,12,Jennifer Soto,marc.chandler@bilearner.com,NEL,commerce ,Contract,Zone B,Temporary,Unk,,Production       ,Catv,3/13/1982,MA,Supervisor,Male,10775,Asian,Divorced,Fully Meets,3
3637,Abdullah,Pruitt,23-Apr-22,12,John Jones,abdullah.pruitt@bilearner.com,PL,commerce ,Full-Time,Zone C,Full-Time,Unk,,Production       ,Aerial,4/17/1995,MA,Engineer,Male,59441,Asian,Divorced,Fully Meets,3
3638,Shamar,Roth,15-Jun-23,12,Ernest Evans,shamar.roth@bilearner.com,BPC,commerce ,Full-Time,Zone C,Part-Time,Unk,,Production       ,Field Operations,12/10/1978,MA,Inspector,Male,55470,Hispanic,Single,Fully Meets,3
3639,Jaylen,Acosta,19-Sep-19,12,Mark Knight,jaylen.acosta@bilearner.com,CCDR,commerce ,Contract,Zone C,Full-Time,Retirement,Official growth onto speech after truth.,Production       ,Field Operations,1/8/1966,MA,Runner,Female,8655,Hispanic,Divorced,Fully Meets,3
3640,Kale,House,7-Jan-23,12,Gina Leon,kale.house@bilearner.com,SVG,commerce ,Contract,Zone A,Temporary,Unk,,Production       ,Field Operations,9/21/2000,MA,Foreman,Female,48077,Asian,Divorced,Fully Meets,3
3641,Kiersten,Ellis,7-Feb-20,12,Eric Michael,kiersten.ellis@bilearner.com,EW,commerce ,Contract,Zone B,Full-Time,Voluntary,Air act watch affect save positive among.,Production       ,General - Con,1/15/1971,MA,Operator,Male,56039,Other,Widowed,Fully Meets,3
3642,Karissa,Carrillo,29-Apr-20,12,Alexandra Martin,karissa.carrillo@bilearner.com,MSC,commerce ,Contract,Zone B,Full-Time,Retirement,Cold dinner seat property a hear.,Production       ,Field Operations,5/31/1978,MA,Laborer,Male,7474,Black,Single,Fully Meets,3
3643,Issac,Whitehead,16-Apr-20,12,Eric Calderon,issac.whitehead@bilearner.com,TNS,commerce ,Full-Time,Zone A,Full-Time,Unk,,Production       ,Catv,3/22/1961,MA,Laborer,Male,9287,Asian,Single,Fully Meets,3
3644,Madisyn,Andrews,16-Jun-22,12,Thomas Jones,madisyn.andrews@bilearner.com,PYZ,commerce ,Part-Time,Zone B,Full-Time,Unk,,Production       ,Field Operations,6/24/1986,MA,Laborer,Male,42213,Black,Married,Fully Meets,3
3645,Madyson,Rhodes,22-Jul-19,12,Bridget Mills,madyson.rhodes@bilearner.com,WBL,commerce ,Part-Time,Zone C,Full-Time,Unk,,Production       ,General - Con,9/16/1977,MA,Technician,Male,34428,Asian,Single,Fully Meets,3
3646,Brenton,Rodriguez,22-Apr-23,12,Sara Bullock,brenton.rodriguez@bilearner.com,SVG,commerce ,Part-Time,Zone A,Full-Time,Unk,,Production       ,Splicing,1/1/1968,MA,Splicer,Female,77551,Hispanic,Widowed,Fully Meets,3
3647,Nathen,Arias,28-Dec-20,12,Craig Leblanc,nathen.arias@bilearner.com,EW,commerce ,Part-Time,Zone A,Part-Time,Involuntary,Best room cell task majority budget.,Production       ,Engineers,7/24/1966,MA,Engineer,Female,20847,Black,Single,Fully Meets,3
3648,Keyon,Hensley,23-Feb-22,12,Peter Smith,keyon.hensley@bilearner.com,MSC,commerce ,Contract,Zone A,Full-Time,Unk,,Production       ,Aerial,6/27/1948,MA,Lineman,Female,76615,Other,Divorced,Exceeds,4
3649,Elisha,Ruiz,13-Aug-22,12,Stephen Green,elisha.ruiz@bilearner.com,TNS,commerce ,Contract,Zone A,Part-Time,Unk,,Production       ,Field Operations,6/6/1968,MA,Technician,Female,26602,White,Married,Exceeds,4
3650,Amirah,Stanley,3-Oct-19,12,Jason Jenkins,amirah.stanley@bilearner.com,PYZ,commerce ,Full-Time,Zone B,Part-Time,Retirement,Late least forward bill realize camera.,Production       ,Field Operations,12/25/1991,MA,Laborer,Female,72818,White,Divorced,Fully Meets,3
3651,Jeremy,Meyer,14-Oct-19,12,Chad Jones,jeremy.meyer@bilearner.com,WBL,commerce ,Full-Time,Zone C,Full-Time,Unk,,Production       ,General - Con,1/19/1991,MA,Lineman,Female,90347,White,Single,Fully Meets,3
3652,Owen,Dillon,30-Aug-19,12,Victoria Maldonado,owen.dillon@bilearner.com,NEL,commerce ,Part-Time,Zone C,Part-Time,Resignation,Window stuff western interesting.,Production       ,Field Operations,8/16/1946,MA,Supervisor,Male,96845,Other,Married,Fully Meets,3
3653,Bridget,Bray,4-Feb-21,12,William Watson,bridget.bray@bilearner.com,PL,commerce ,Contract,Zone B,Part-Time,Voluntary,Particular same detail note.,Production       ,General - Con,6/29/1995,MA,Foreman,Male,67277,Asian,Widowed,Exceeds,3
3654,Cassius,Gates,23-Nov-22,12,Jody Cox,cassius.gates@bilearner.com,PYZ,commerce ,Part-Time,Zone A,Part-Time,Unk,,Production       ,Aerial,3/30/1995,MA,Lineman,Male,17975,Asian,Divorced,Exceeds,4
3655,Martha,Kemp,25-Feb-23,12,Shelia Good,martha.kemp@bilearner.com,SVG,commerce ,Part-Time,Zone C,Full-Time,Unk,,Production       ,Engineers,10/20/1998,MA,Engineer,Male,97142,Asian,Married,Fully Meets,3
3656,Francesca,Mcmahon,15-Dec-19,12,Darlene Green,francesca.mcmahon@bilearner.com,TNS,commerce ,Part-Time,Zone B,Part-Time,Unk,,Production       ,Underground,4/14/2001,MA,Laborer,Male,72523,Hispanic,Divorced,Exceeds,5
3657,Lorelei,Walls,29-Aug-21,12,Christine Mccarthy,lorelei.walls@bilearner.com,WBL,commerce ,Part-Time,Zone C,Full-Time,Unk,,Production       ,General - Con,3/4/1992,MA,Flagger,Female,44406,Black,Single,Fully Meets,4
3658,Emery,Gillespie,4-Nov-22,12,Thomas Jackson,emery.gillespie@bilearner.com,BPC,commerce ,Part-Time,Zone C,Temporary,Involuntary,Once simple the decade.,Production       ,Project Management - Con,11/25/1966,MA,Technician,Female,95682,Black,Divorced,Fully Meets,3
3659,Kaylee,Baldwin,2-Oct-19,12,Eric Powell,kaylee.baldwin@bilearner.com,CCDR,commerce ,Full-Time,Zone A,Part-Time,Voluntary,Second focus stay scientist.,Production       ,Field Operations,10/30/1989,MA,Engineer,Male,86746,Other,Divorced,Exceeds,1
3660,Aron,Hester,24-May-19,12,Joel Browning,aron.hester@bilearner.com,EW,commerce ,Full-Time,Zone A,Full-Time,Unk,,Production       ,Field Operations,6/21/1974,MA,Supervisor,Male,73540,Hispanic,Single,Exceeds,3
3661,Reagan,Brennan,28-Feb-22,12,Denise Roman,reagan.brennan@bilearner.com,MSC,commerce ,Contract,Zone C,Temporary,Involuntary,Decide group difference decide.,Production       ,Executive,5/22/1952,MA,Vp,Male,21624,Asian,Married,Fully Meets,3
3662,Hugh,Berry,13-Jun-23,12,Linda Cummings,hugh.berry@bilearner.com,NEL,commerce ,Full-Time,Zone B,Temporary,Unk,,Production       ,Wireline Construction,4/18/1973,MA,Laborer,Male,90473,Other,Married,Exceeds,2
3663,Brandon,Anderson,7-Oct-19,12,Sean Kennedy,brandon.anderson@bilearner.com,PL,commerce ,Part-Time,Zone B,Full-Time,Retirement,Bar serious exist pretty.,Production       ,General - Con,11/23/1977,MA,Foreman,Female,13534,Black,Single,Exceeds,3
3664,Diana,Garza,6-Oct-20,12,Robert Reid,diana.garza@bilearner.com,PYZ,commerce ,Full-Time,Zone C,Part-Time,Involuntary,Let political issue.,Production       ,Field Operations,8/15/1956,MA,Locator,Female,2667,Other,Widowed,Fully Meets,3
3665,Dalton,Bowen,22-Nov-19,12,Lucas Morse,dalton.bowen@bilearner.com,SVG,commerce ,Full-Time,Zone B,Temporary,Unk,,Production       ,Field Operations,3/30/1985,MA,Field Technician,Male,54319,Asian,Married,Fully Meets,3
3666,Davin,Peters,29-Apr-22,12,Melissa Shaw,davin.peters@bilearner.com,TNS,commerce ,Full-Time,Zone A,Full-Time,Involuntary,Rule film know if eat hear.,Production       ,Field Operations,5/19/1956,MA,Laborer,Male,16052,Hispanic,Single,Fully Meets,3
3667,Leyla,Warren,11-Dec-22,12,Brooke Meyer,leyla.warren@bilearner.com,WBL,commerce ,Part-Time,Zone B,Temporary,Resignation,Term southern major ever care.,Production       ,Billable Consultants,8/23/1998,MA,Technician,Male,18998,Black,Single,Fully Meets,3
3668,Victoria,Allen,6-Aug-23,12,Christopher Clark,victoria.allen@bilearner.com,BPC,commerce ,Full-Time,Zone C,Full-Time,Voluntary,Rest such husband through his customer no look.,Production       ,Underground,5/24/1996,MA,Operator,Male,33735,Asian,Widowed,Needs Improvement,3
3669,Tyler,Hines,28-Mar-20,12,Joshua Francis,tyler.hines@bilearner.com,CCDR,commerce ,Contract,Zone A,Temporary,Retirement,Let former service.,Production       ,Finance & Accounting,1/16/1967,MA,Clerk,Male,81928,Black,Widowed,Fully Meets,3
3670,Sandra,Atkinson,11-Aug-22,12,Walter Shaw,sandra.atkinson@bilearner.com,SVG,commerce ,Full-Time,Zone A,Full-Time,Resignation,Far happy light already.,Production       ,Billable Consultants,1/17/1969,MA,Engineer,Female,14006,Hispanic,Widowed,Needs Improvement,3
3671,Simone,Hayes,26-Jan-23,12,Alexander Roberts,simone.hayes@bilearner.com,EW,commerce ,Part-Time,Zone A,Temporary,Involuntary,Edge cold language. Once bring quality hot.,Production       ,Splicing,12/29/1989,MA,Splicer,Female,45376,Asian,Divorced,Needs Improvement,3
3672,Rhett,Valenzuela,14-Jan-19,12,Aaron Holland,rhett.valenzuela@bilearner.com,MSC,commerce ,Part-Time,Zone A,Full-Time,Unk,,Production       ,General - Con,2/24/1991,MA,Foreman,Female,44501,Asian,Divorced,Fully Meets,3
3673,Lane,Zuniga,11-Jun-22,12,Casey Morris,lane.zuniga@bilearner.com,TNS,commerce ,Full-Time,Zone B,Temporary,Voluntary,My teach piece need school fight rock.,Production       ,People Services,2/19/1973,MA,Manager,Female,47767,Other,Widowed,Fully Meets,3
3674,Isabelle,Shields,25-Jun-20,12,Sarah Williamson,isabelle.shields@bilearner.com,BPC,commerce ,Part-Time,Zone C,Part-Time,Voluntary,Five carry couple goal western.,Production       ,Engineers,5/1/1996,MA,Engineer,Female,39141,Other,Single,Fully Meets,3
3675,Mario,Mays,8-Jun-20,12,Melissa Torres,mario.mays@bilearner.com,CCDR,commerce ,Full-Time,Zone C,Full-Time,Resignation,Herself others song center word almost without.,Production       ,Engineers,8/28/1952,MA,Technician,Female,70090,Hispanic,Divorced,Fully Meets,3
3676,Leah,Robinson,29-Aug-18,12,Craig Hawkins,leah.robinson@bilearner.com,BPC,commerce ,Contract,Zone B,Part-Time,Unk,,Production       ,Yard (Material Handling),11/29/1993,MA,Associate,Male,35858,Black,Divorced,Fully Meets,3
3677,Dayami,Bailey,1-Oct-22,12,Matthew Hughes,dayami.bailey@bilearner.com,CCDR,commerce ,Full-Time,Zone A,Full-Time,Unk,,Production       ,Field Operations,2/4/1960,MA,Supervisor,Male,27462,Hispanic,Single,Fully Meets,3
3678,Ramon,Fleming,22-Jul-21,12,Chad Ramirez,ramon.fleming@bilearner.com,SVG,commerce ,Full-Time,Zone A,Full-Time,Unk,,Production       ,General - Eng,5/24/1999,MA,Drafter,Male,65321,Asian,Single,Fully Meets,3
3679,Pedro,Harrison,14-Dec-19,12,Erica Moore,pedro.harrison@bilearner.com,EW,commerce ,Full-Time,Zone A,Full-Time,Unk,,Production       ,Engineers,7/16/1989,MA,Engineer,Male,54017,Asian,Divorced,Fully Meets,3
3680,Harrison,Hudson,27-Mar-20,12,Felicia Ashley,harrison.hudson@bilearner.com,MSC,commerce ,Part-Time,Zone B,Full-Time,Unk,,Production       ,Underground,9/14/1985,MA,Operator,Female,51584,Other,Divorced,Fully Meets,3
3681,Taniya,Lane,25-Nov-21,12,James Williams,taniya.lane@bilearner.com,TNS,commerce ,Part-Time,Zone B,Temporary,Unk,,Production       ,Engineers,3/17/1976,MA,Project Manager,Female,75321,Black,Widowed,Fully Meets,3
3682,Rene,Wallace,8-Jul-23,12,Michael Diaz MD,rene.wallace@bilearner.com,PYZ,commerce ,Full-Time,Zone C,Temporary,Unk,,Production       ,Field Operations,4/28/1943,MA,Technician,Female,37646,Black,Single,Fully Meets,4
3683,Kai,Gaines,2-Nov-21,12,Mackenzie Porter,kai.gaines@bilearner.com,WBL,commerce ,Part-Time,Zone C,Temporary,Involuntary,Central baby moment benefit do.,Production       ,Finance & Accounting,1/6/1956,MA,Administration,Male,33204,Other,Divorced,Fully Meets,3
3684,Noelle,Levy,1-Dec-19,12,Robert Simmons,noelle.levy@bilearner.com,NEL,commerce ,Contract,Zone C,Part-Time,Involuntary,Scientist believe edge imagine push bit fast.,Production       ,Field Operations,8/3/1954,MA,Technician,Male,76198,Hispanic,Widowed,Fully Meets,3
3685,Kylie,Jimenez,16-Aug-22,12,Jordan Harrison,kylie.jimenez@bilearner.com,PL,commerce ,Full-Time,Zone C,Full-Time,Retirement,Factor doctor edge police.,Production       ,Project Management - Con,6/22/1986,MA,Coordinator,Male,10600,Asian,Widowed,Fully Meets,3
3686,Carly,Figueroa,25-Apr-21,12,Jesse Farmer,carly.figueroa@bilearner.com,BPC,commerce ,Part-Time,Zone A,Full-Time,Retirement,Concern expect add skill.,Production       ,Engineers,4/20/1998,MA,Director,Male,67909,White,Single,Exceeds,1
3687,Bria,Mcpherson,17-May-19,12,Brianna Blake,bria.mcpherson@bilearner.com,CCDR,commerce ,Part-Time,Zone B,Temporary,Unk,,Production       ,Field Operations,8/20/1944,MA,Supervisor,Female,26340,White,Divorced,Exceeds,1
3688,Brynn,Harding,4-May-19,12,Kathleen Clark,brynn.harding@bilearner.com,SVG,commerce ,Contract,Zone B,Full-Time,Involuntary,Matter man skill produce poor.,Production       ,Wireline Construction,9/19/1951,MA,Manager,Female,42113,Asian,Divorced,Exceeds,3
3689,Rashad,Wells,16-Jul-21,12,Jonathan Gutierrez,rashad.wells@bilearner.com,EW,commerce ,Contract,Zone A,Temporary,Unk,,Production       ,Field Operations,12/29/1960,MA,Laborer,Male,95832,Asian,Married,Exceeds,3
3690,Jaylene,Deleon,4-Aug-20,12,Adam Barber,jaylene.deleon@bilearner.com,MSC,commerce ,Part-Time,Zone A,Temporary,Voluntary,Size manager receive decide attention play plant.,Production       ,Yard (Material Handling),11/14/1950,MA,Laborer,Male,60287,White,Single,Needs Improvement,3
3691,Chace,Church,23-Nov-20,12,David Valenzuela,chace.church@bilearner.com,TNS,commerce ,Part-Time,Zone C,Full-Time,Unk,,Production       ,Finance & Accounting,1/3/1993,MA,Manager,Male,34316,Asian,Single,Needs Improvement,1
3692,Zayne,Hunter,11-Nov-19,12,Lisa Jordan,zayne.hunter@bilearner.com,PYZ,commerce ,Full-Time,Zone B,Part-Time,Unk,,Production       ,Aerial,12/15/1979,MA,Lineman,Male,75371,Black,Widowed,Needs Improvement,3
3693,Amya,Vega,20-May-19,12,Alexa Smith,amya.vega@bilearner.com,SVG,commerce ,Part-Time,Zone B,Temporary,Involuntary,Name social full approach. Position want win.,Production       ,Project Management - Con,8/1/1977,MA,Field Project Manager,Female,13727,White,Married,Exceeds,2
3694,Nickolas,West,5-Nov-19,12,Sue Harper,nickolas.west@bilearner.com,EW,commerce ,Full-Time,Zone A,Part-Time,Involuntary,Training civil attention exist matter water.,Production       ,Field Operations,3/11/1961,MA,Specialist,Female,94278,Hispanic,Married,PIP,4
3695,Cason,Neal,20-Sep-18,12,Savannah Schneider,cason.neal@bilearner.com,MSC,commerce ,Contract,Zone C,Temporary,Voluntary,Public ask American affect market order.,Production       ,Catv,11/28/1989,MA,Laborer,Female,70817,Hispanic,Divorced,PIP,4
3696,Aldo,Dyer,2-Sep-20,12,Chase Ramirez,aldo.dyer@bilearner.com,TNS,commerce ,Contract,Zone B,Part-Time,Resignation,Arrive its during organization about.,Production       ,Wireless,10/7/1989,MA,Foreman,Female,74423,Hispanic,Widowed,PIP,3
3697,Sonia,Skinner,28-Jun-20,12,Connor Galloway,sonia.skinner@bilearner.com,PYZ,commerce ,Full-Time,Zone A,Part-Time,Unk,,Production       ,Field Operations,12/26/1992,MA,Technician,Female,51256,Other,Single,PIP,4
3698,Julien,Banks,22-Mar-23,12,Savannah Weber,julien.banks@bilearner.com,WBL,commerce ,Full-Time,Zone A,Full-Time,Involuntary,Usually section evening with cup left.,Production       ,Catv,6/12/1984,MA,Foreman,Female,16462,Hispanic,Married,PIP,3
3699,Madelyn,Mcdonald,30-Aug-22,12,Justin Harris,madelyn.mcdonald@bilearner.com,PYZ,commerce ,Part-Time,Zone B,Temporary,Involuntary,Business draw with hear dream eat.,Production       ,Engineers,1/31/1977,MA,Engineer,Male,48065,Asian,Divorced,PIP,2
3700,Brenden,Nash,24-Oct-19,12,Wendy Rogers,brenden.nash@bilearner.com,PL,commerce ,Part-Time,Zone A,Temporary,Unk,,Production       ,Wireline Construction,4/12/1988,MA,Supervisor,Male,93840,Hispanic,Divorced,PIP,1
3701,Genesis,Coleman,9-Nov-19,12,Bryan Greer,genesis.coleman@bilearner.com,NEL,commerce ,Part-Time,Zone B,Temporary,Unk,,Production       ,Shop (Fleet),6/20/1948,MA,Mechanic,Male,35917,Other,Single,PIP,2
3702,Justice,Branch,13-Jul-19,12,David Brown,justice.branch@bilearner.com,MSC,commerce ,Part-Time,Zone C,Part-Time,Unk,,Production       ,Aerial,4/22/1976,MA,Foreman,Male,22165,Asian,Single,Exceeds,3
3703,Addisyn,Guerrero,31-Aug-20,12,Cory Lee,addisyn.guerrero@bilearner.com,EW,commerce ,Part-Time,Zone A,Part-Time,Resignation,Tax herself interview maybe control.,Production       ,Engineers,2/15/1951,MA,Engineer,Female,87563,White,Widowed,Exceeds,4
3704,Addisyn,Aguilar,25-Jan-19,12,April Stevens,addisyn.aguilar@bilearner.com,CCDR,commerce ,Full-Time,Zone C,Part-Time,Involuntary,Message firm social daughter third ready.,Production       ,Field Operations,2/5/1976,MA,Associate,Female,20993,Asian,Married,Exceeds,5
3705,Marcos,Gallagher,21-Nov-20,12,Bridget Little,marcos.gallagher@bilearner.com,BPC,commerce ,Full-Time,Zone A,Part-Time,Involuntary,Any after despite suddenly decade.,Production       ,General - Sga,5/27/1967,MA,Vp,Female,88723,White,Single,Exceeds,3
3706,Mareli,Parker,23-Sep-19,12,Lisa Hamilton,mareli.parker@bilearner.com,WBL,commerce ,Full-Time,Zone B,Part-Time,Unk,,Production       ,Field Operations,11/8/1974,MA,Laborer,Male,59933,White,Divorced,Exceeds,3
3707,Joshua,Mitchell,11-Dec-22,12,Kenneth Keller,joshua.mitchell@bilearner.com,TNS,commerce ,Contract,Zone B,Temporary,Unk,,Production       ,Engineers,12/1/1995,MA,Manager,Male,81280,Asian,Divorced,Exceeds,3
3708,Case,Gaines,21-Aug-20,12,Morgan Smith,case.gaines@bilearner.com,SVG,commerce ,Full-Time,Zone C,Part-Time,Resignation,Finally feeling often some.,Production       ,Fielders,2/19/1974,MA,Engineer,Male,13899,Black,Married,Exceeds,4
3709,Jacey,Reyes,4-Feb-19,12,Donald Powell,jacey.reyes@bilearner.com,PYZ,commerce ,Full-Time,Zone C,Part-Time,Voluntary,Provide late phone school score sound growth.,Production       ,Splicing,9/18/1969,MA,Splicer,Male,44907,Black,Divorced,Exceeds,5
3710,Dean,Middleton,29-Oct-21,12,Rebecca Henderson,dean.middleton@bilearner.com,PL,commerce ,Full-Time,Zone C,Part-Time,Unk,,Production       ,Aerial,10/16/1960,MA,Foreman,Female,64630,Hispanic,Single,Exceeds,1
3711,Marlene,Bates,17-Jul-21,12,David Bowman,marlene.bates@bilearner.com,NEL,commerce ,Part-Time,Zone A,Temporary,Unk,,Production       ,Finance & Accounting,1/3/1981,MA,Administrative,Female,36588,Black,Single,Needs Improvement,1
3712,Kyra,Ray,28-Apr-19,12,Christopher Robertson,kyra.ray@bilearner.com,MSC,commerce ,Part-Time,Zone C,Temporary,Retirement,Year color woman become year scene very.,Production       ,Field Operations,4/3/1956,MA,Technician,Male,33658,Asian,Married,Needs Improvement,5
3713,Melanie,Kennedy,21-Jul-20,12,Michelle Miller,melanie.kennedy@bilearner.com,EW,commerce ,Full-Time,Zone B,Temporary,Unk,,Production       ,General - Sga,4/10/1985,MA,Administrator,Male,87025,Hispanic,Widowed,Fully Meets,3
3714,Aleena,Mercer,19-Jan-20,12,Kyle Turner,aleena.mercer@bilearner.com,CCDR,commerce ,Full-Time,Zone B,Part-Time,Unk,,Production       ,Field Operations,4/19/1965,MA,Laborer,Male,93985,White,Married,Fully Meets,4
3715,Jake,White,12-Sep-21,12,Dawn Mendoza,jake.white@bilearner.com,BPC,commerce ,Contract,Zone A,Full-Time,Unk,,Production       ,Project Management - Con,3/5/1976,MA,Coordinator,Male,27233,Black,Widowed,Fully Meets,4
3716,Chaim,Chase,31-Jul-22,12,David Goodman,chaim.chase@bilearner.com,SVG,commerce ,Full-Time,Zone A,Full-Time,Voluntary,Walk call activity onto seven about.,Production       ,General - Con,6/27/1993,MA,Laborer,Female,5569,Black,Married,Fully Meets,1
3717,Keshawn,Le,18-May-23,12,Samuel Turner,keshawn.le@bilearner.com,EW,commerce ,Contract,Zone B,Full-Time,Unk,,Production       ,Field Operations,11/7/1992,MA,Specialist,Female,21090,Asian,Married,Fully Meets,2
3718,Dalton,Frazier,25-May-21,12,Claudia White,dalton.frazier@bilearner.com,MSC,commerce ,Contract,Zone C,Temporary,Voluntary,Save east phone arrive floor maybe.,Production       ,Field Operations,9/15/1946,MA,Driver,Female,52357,Other,Married,Fully Meets,4
3719,Cannon,Hester,22-Jul-22,12,David Ward,cannon.hester@bilearner.com,TNS,commerce ,Contract,Zone B,Full-Time,Unk,,Production       ,Underground,7/8/1947,MA,Laborer,Female,47989,Hispanic,Divorced,Fully Meets,3
3720,Crystal,Brandt,23-May-19,12,Andrew Schneider,crystal.brandt@bilearner.com,PYZ,commerce ,Part-Time,Zone B,Full-Time,Resignation,Young risk quality natural foreign claim.,Production       ,Field Operations,12/18/1958,MA,Laborer,Female,31486,White,Single,Fully Meets,3
3721,Johnny,Goodman,12-Feb-20,12,Loretta Gonzalez,johnny.goodman@bilearner.com,NEL,commerce ,Full-Time,Zone B,Full-Time,Resignation,Recent agent choose dark hard eye.,Production       ,Fielders,3/24/1960,MA,Engineer,Male,24794,Black,Widowed,Fully Meets,2
3722,Nehemiah,Hancock,16-Feb-20,12,Alice Key,nehemiah.hancock@bilearner.com,PL,commerce ,Part-Time,Zone B,Full-Time,Involuntary,Fast glass machine compare after check.,Production       ,Field Operations,8/31/1947,MA,Laborer,Male,80316,White,Married,Fully Meets,2
3723,Elliana,Villanueva,29-Apr-22,12,Ryan Downs,elliana.villanueva@bilearner.com,BPC,commerce ,Full-Time,Zone A,Temporary,Retirement,Everyone chair white situation result.,Production       ,Wireline Construction,8/30/1972,MA,Laborer,Male,46742,Asian,Married,Fully Meets,3
3724,Essence,Schwartz,10-Oct-19,12,Alyssa Johnson,essence.schwartz@bilearner.com,CCDR,commerce ,Part-Time,Zone C,Temporary,Retirement,Board star job song. Hundred believe heavy.,Production       ,Field Operations,11/25/1969,MA,Laborer,Male,30194,Asian,Divorced,Fully Meets,4
3725,Ryker,Cox,7-Apr-19,12,Stephanie Patterson,ryker.cox@bilearner.com,SVG,commerce ,Contract,Zone B,Part-Time,Voluntary,Child write help growth home.,Production       ,Aerial,8/21/1955,MA,Lineman,Male,36808,Asian,Widowed,Fully Meets,1
3726,Averi,Stevenson,13-Jul-20,12,Sandra Richardson,averi.stevenson@bilearner.com,EW,commerce ,Contract,Zone A,Full-Time,Voluntary,Great like sea behind stock drop debate such.,Production       ,General - Con,7/25/1995,MA,Lineman,Female,36688,Other,Married,Fully Meets,4
3727,Katherine,Russo,26-Aug-21,12,Courtney Garcia,katherine.russo@bilearner.com,MSC,commerce ,Part-Time,Zone C,Temporary,Unk,,Production       ,Field Operations,1/15/1945,MA,Supervisor,Female,37883,Other,Divorced,Fully Meets,3
3728,Aydan,Robbins,23-Dec-21,12,Tamara Grant,aydan.robbins@bilearner.com,TNS,commerce ,Contract,Zone A,Part-Time,Unk,,Production       ,Splicing,2/7/1967,MA,Laborer,Male,39843,Hispanic,Divorced,Fully Meets,5
3729,Heaven,Walls,8-Dec-22,12,Natasha Spears,heaven.walls@bilearner.com,BPC,commerce ,Contract,Zone B,Part-Time,Voluntary,Until reason late off training situation.,Production       ,Wireline Construction,1/1/1943,MA,Supervisor,Male,69873,Other,Divorced,Fully Meets,3
3730,Bobby,Chung,18-Jan-22,12,Sharon Vincent,bobby.chung@bilearner.com,CCDR,commerce ,Contract,Zone B,Temporary,Unk,,Production       ,Fielders,12/8/1965,MA,Engineer,Male,2548,Black,Widowed,Fully Meets,4
3731,Maximus,Fields,28-Feb-20,12,Kimberly Phelps,maximus.fields@bilearner.com,EW,commerce ,Part-Time,Zone B,Part-Time,Retirement,Along black change charge particular conference.,Production       ,Field Operations,7/4/1998,MA,Engineer,Male,73555,Hispanic,Single,Fully Meets,3
3732,Orion,Ochoa,31-May-20,12,Charles Hoover,orion.ochoa@bilearner.com,MSC,commerce ,Part-Time,Zone B,Part-Time,Unk,,Production       ,Field Operations,7/3/1954,MA,Technician,Male,27650,Black,Widowed,Fully Meets,5
3733,Halle,Boyd,20-Apr-20,12,Deborah Stevens,halle.boyd@bilearner.com,NEL,commerce ,Contract,Zone C,Part-Time,Retirement,Half glass sport. Oil arm middle play lose such.,Production       ,Field Operations,10/15/1994,MA,Driver,Female,2035,Hispanic,Single,Fully Meets,3
3734,Lindsey,Rocha,7-Mar-19,12,Melissa Alvarez,lindsey.rocha@bilearner.com,PL,commerce ,Full-Time,Zone C,Temporary,Unk,,Production       ,Technology / It,7/21/1964,MA,Engineer,Male,74284,White,Divorced,Fully Meets,3
3735,Chace,Gray,29-May-19,12,Joel Nichols,chace.gray@bilearner.com,PYZ,commerce ,Contract,Zone C,Temporary,Unk,,Production       ,Wireless,7/11/1963,MA,Project Manager,Male,81455,White,Married,Fully Meets,1
3736,Carsen,Wheeler,18-Oct-20,12,Kimberly Soto,carsen.wheeler@bilearner.com,SVG,commerce ,Full-Time,Zone A,Part-Time,Resignation,Democrat home space past sense serious.,Production       ,Wireline Construction,7/2/1976,MA,Laborer,Male,95345,Other,Married,Fully Meets,2
3737,Arielle,Escobar,19-Nov-18,12,John Hill,arielle.escobar@bilearner.com,TNS,commerce ,Part-Time,Zone B,Part-Time,Unk,,Production       ,People Services,12/11/1946,MA,Director,Male,67176,Hispanic,Divorced,Fully Meets,5
3738,Kaitlynn,Blair,15-Apr-22,12,Steven Carter,kaitlynn.blair@bilearner.com,SVG,commerce ,Full-Time,Zone A,Temporary,Involuntary,Partner perhaps they rock.,Production       ,General - Con,9/3/2000,MA,Lineman,Female,21015,Hispanic,Widowed,Fully Meets,3
3739,Amir,Melendez,24-Aug-18,12,Rachel Pham,amir.melendez@bilearner.com,EW,commerce ,Full-Time,Zone B,Temporary,Voluntary,Themselves specific seem want seek hospital.,Production       ,Field Operations,3/9/1951,MA,Tower Hand,Female,80870,Asian,Divorced,Fully Meets,3
3740,Monique,Buckley,15-Oct-22,12,Christopher Cunningham,monique.buckley@bilearner.com,MSC,commerce ,Full-Time,Zone C,Part-Time,Voluntary,Final like human late job.,Production       ,People Services,5/24/2001,MA,Intern,Female,12265,Other,Single,Fully Meets,4
3741,Clark,Blanchard,27-Feb-23,12,Brittany Marshall,clark.blanchard@bilearner.com,TNS,commerce ,Full-Time,Zone A,Temporary,Voluntary,Board industry once tough investment age.,Production       ,Field Operations,9/14/1948,MA,Engineer,Female,47025,Hispanic,Widowed,Fully Meets,1
3742,Gabriel,Pearson,22-Sep-21,12,Ryan Anderson,gabriel.pearson@bilearner.com,PYZ,commerce ,Contract,Zone A,Temporary,Resignation,Wait small thing staff.,Production       ,Field Operations,9/12/1981,MA,Manager,Female,81011,Asian,Married,Fully Meets,2
3743,Mercedes,Cook,30-May-20,12,Stephanie Valdez,mercedes.cook@bilearner.com,WBL,commerce ,Contract,Zone A,Part-Time,Unk,,Production       ,General - Con,9/13/1950,MA,Locator,Male,13394,Black,Married,Fully Meets,2
3744,Skyler,Blankenship,11-Sep-20,12,Christopher Garcia,skyler.blankenship@bilearner.com,NEL,commerce ,Part-Time,Zone B,Full-Time,Unk,,Production       ,Aerial,12/22/1964,MA,Lineman,Female,50967,Asian,Widowed,Fully Meets,5
3745,Jordan,Davis,31-May-19,12,Sarah Cross,jordan.davis@bilearner.com,PL,commerce ,Full-Time,Zone C,Full-Time,Involuntary,So give cause soldier.,Production       ,General - Con,7/20/1978,MA,Technician,Male,8286,Asian,Single,Fully Meets,4
3746,Bridget,Wu,13-Jul-20,12,Judy Lambert,bridget.wu@bilearner.com,BPC,commerce ,Part-Time,Zone B,Full-Time,Unk,,Production       ,Shop (Fleet),8/21/1969,MA,Mechanic,Male,68039,Black,Widowed,Fully Meets,3
3747,Gabriel,Kirk,9-Sep-21,12,Chelsea Bright,gabriel.kirk@bilearner.com,CCDR,commerce ,Part-Time,Zone C,Temporary,Retirement,Soon glass reveal Republican could.,Production       ,Technology / It,2/17/1944,MA,Technician,Male,56563,Black,Widowed,Fully Meets,2
3748,Aron,Ali,6-Apr-19,12,Shawn Mckay,aron.ali@bilearner.com,SVG,commerce ,Full-Time,Zone C,Part-Time,Unk,,Production       ,General - Con,8/20/1969,MA,Laborer,Male,96739,Other,Married,Fully Meets,1
3749,Kayden,Soto,16-Feb-21,12,Samantha Pugh,kayden.soto@bilearner.com,EW,commerce ,Full-Time,Zone A,Full-Time,Unk,,Production       ,Project Management - Eng,5/2/1985,MA,Planner,Female,27488,Other,Married,Fully Meets,4
3750,Micaela,Conner,17-Feb-20,12,Sheryl Curtis,micaela.conner@bilearner.com,MSC,commerce ,Full-Time,Zone C,Part-Time,Unk,,Production       ,Engineers,2/16/1955,MA,Engineer,Male,49299,Black,Single,Fully Meets,1
3751,Arthur,Mitchell,15-Oct-21,12,Eric Knight,arthur.mitchell@bilearner.com,TNS,commerce ,Contract,Zone A,Full-Time,Unk,,Production       ,Aerial,12/24/1972,MA,Model Assistant,Male,32547,Other,Single,Fully Meets,3
3752,Deven,Morse,6-Jul-22,12,Morgan Ross,deven.morse@bilearner.com,PYZ,commerce ,Full-Time,Zone A,Temporary,Unk,,Production       ,Engineers,10/12/1954,MA,Engineer,Male,11664,White,Divorced,Fully Meets,2
3753,George,Villegas,5-Mar-19,12,Laura Mcpherson,george.villegas@bilearner.com,WBL,commerce ,Part-Time,Zone B,Part-Time,Involuntary,Truth resource more week hope generation.,Production       ,Project Management - Eng,9/29/1959,MA,Planner,Male,37926,White,Single,Fully Meets,4
3754,Arielle,Potts,2-Jun-20,12,Sarah Morgan,arielle.potts@bilearner.com,NEL,commerce ,Full-Time,Zone C,Full-Time,Voluntary,Stage necessary although they.,Production       ,Project Management - Con,5/31/1978,MA,Engineer,Male,76770,Black,Married,Fully Meets,1
3755,Maxwell,Howell,26-Nov-20,12,Emily Church,maxwell.howell@bilearner.com,PL,commerce ,Full-Time,Zone C,Full-Time,Resignation,Scientist heart others employee church century.,Production       ,Executive,4/21/2001,MA,Manager,Female,72484,Black,Married,Fully Meets,4
3756,Junior,Bridges,24-May-21,12,Melissa Hernandez,junior.bridges@bilearner.com,BPC,commerce ,Full-Time,Zone A,Temporary,Unk,,Production       ,Field Operations,6/1/1944,MA,Driller,Female,13669,Hispanic,Married,Fully Meets,3
3757,Salvatore,Noble,17-Oct-22,12,Debra Yang,salvatore.noble@bilearner.com,CCDR,commerce ,Full-Time,Zone B,Part-Time,Involuntary,Marriage sound myself others well morning wrong.,Production       ,Aerial,10/28/1993,MA,Lineman,Male,7481,Asian,Single,Fully Meets,2
3758,Heath,Hodges,16-Nov-22,12,Alejandro Palmer,heath.hodges@bilearner.com,SVG,commerce ,Contract,Zone A,Temporary,Retirement,Lawyer miss meet across agent.,Production       ,Engineers,12/20/1946,MA,Engineer,Male,76897,Other,Divorced,Fully Meets,3
3759,Gabriella,Warner,1-May-22,12,Emily Pugh,gabriella.warner@bilearner.com,EW,commerce ,Contract,Zone B,Full-Time,Retirement,Authority different including gun production.,Production       ,Yard (Material Handling),10/21/1958,MA,Laborer,Male,47326,Black,Married,Fully Meets,1
3760,Ryan,Tate,24-Aug-21,12,Sherry Morris,ryan.tate@bilearner.com,MSC,commerce ,Full-Time,Zone A,Part-Time,Unk,,Production       ,General - Con,2/12/1960,MA,Technician,Male,20814,Other,Widowed,Fully Meets,3
3761,Hazel,Vincent,22-Jun-23,12,Melissa Conrad,hazel.vincent@bilearner.com,CCDR,commerce ,Contract,Zone A,Full-Time,Involuntary,Item born upon blue.,Production       ,General - Sga,11/23/1987,MA,Assistant,Female,75880,Black,Married,Fully Meets,1
3762,Gavyn,Riggs,18-Jul-20,12,Lauren Villarreal,gavyn.riggs@bilearner.com,SVG,commerce ,Part-Time,Zone B,Temporary,Unk,,Production       ,Engineers,5/11/1949,MA,Engineer,Female,65366,Black,Divorced,Fully Meets,2
3763,Giancarlo,Cross,12-Jan-23,12,Randall Williams,giancarlo.cross@bilearner.com,EW,commerce ,Full-Time,Zone B,Full-Time,Involuntary,They four last represent spend bit.,Production       ,Finance & Accounting,6/25/1950,MA,Clerk,Female,40231,White,Widowed,Fully Meets,3
3764,Cristal,Bradshaw,16-Feb-22,12,Tiffany Stone,cristal.bradshaw@bilearner.com,MSC,commerce ,Full-Time,Zone B,Temporary,Unk,,Production       ,General - Sga,12/13/1995,MA,Manager,Female,41487,Black,Single,Fully Meets,3
3765,Guadalupe,Burke,2-Sep-22,12,Eric Smith,guadalupe.burke@bilearner.com,TNS,commerce ,Part-Time,Zone A,Temporary,Unk,,Production       ,Yard (Material Handling),6/30/1969,MA,Runner,Female,36904,Hispanic,Widowed,Fully Meets,3
3766,Elisa,Henry,2-Feb-19,12,Taylor Morris,elisa.henry@bilearner.com,PYZ,commerce ,Part-Time,Zone A,Part-Time,Resignation,Common no sure wonder up although.,Production       ,Yard (Material Handling),3/10/1943,MA,Manager,Female,10110,Black,Widowed,Fully Meets,3
3767,Kale,Fischer,26-Aug-21,12,Zachary Nelson,kale.fischer@bilearner.com,TNS,commerce ,Full-Time,Zone B,Part-Time,Retirement,Actually on Democrat down live base should.,Production       ,General - Con,3/7/1993,MA,Laborer,Female,46087,Black,Divorced,Fully Meets,2
3768,Morgan,Blackwell,31-Dec-20,12,David Garcia,morgan.blackwell@bilearner.com,SVG,commerce ,Contract,Zone B,Full-Time,Unk,,Production       ,Catv,5/30/1991,MA,Foreman,Female,37838,Black,Divorced,Fully Meets,4
3769,Ivan,Wright,12-Dec-20,12,Laura Chavez,ivan.wright@bilearner.com,PYZ,commerce ,Full-Time,Zone A,Full-Time,Unk,,Production       ,Fielders,11/21/1952,MA,Engineer,Male,15968,Asian,Married,Fully Meets,3
3770,Nayeli,Hood,13-Jan-22,12,Rachel Jones,nayeli.hood@bilearner.com,PL,commerce ,Contract,Zone B,Temporary,Involuntary,Land physical tax.,Production       ,Aerial,1/26/1995,MA,Lineman,Male,21100,Asian,Married,Fully Meets,3
3771,Marilyn,Smith,24-Jan-21,12,Kathryn Jones,marilyn.smith@bilearner.com,NEL,commerce ,Part-Time,Zone B,Temporary,Retirement,Catch issue water night recognize mention.,Production       ,General - Con,9/20/1981,MA,Foreman,Male,65845,Asian,Married,Fully Meets,3
3772,Zoie,Rowland,8-Feb-22,12,Mrs. Rachel Henry,zoie.rowland@bilearner.com,MSC,commerce ,Full-Time,Zone A,Temporary,Retirement,Side most force better region operation language.,Production       ,Engineers,2/5/1966,MA,Engineer,Female,58535,Asian,Divorced,Fully Meets,3
3773,Ann,Nguyen,11-Oct-20,12,Laura Hernandez,ann.nguyen@bilearner.com,EW,commerce ,Part-Time,Zone A,Temporary,Retirement,Building possible too process do.,Production       ,Engineers,5/16/1972,MA,Engineer,Female,3994,Hispanic,Divorced,Fully Meets,3
3774,Ramiro,Savage,20-Jun-19,12,Justin Stanley,ramiro.savage@bilearner.com,CCDR,commerce ,Part-Time,Zone B,Full-Time,Involuntary,Success realize political move adult new.,Production       ,Engineers,4/6/1998,MA,Engineer,Male,32544,Black,Single,Fully Meets,3
3775,Karma,Koch,13-Jul-21,12,Amy Ross,karma.koch@bilearner.com,BPC,commerce ,Contract,Zone B,Part-Time,Resignation,Agency picture enjoy pattern since and piece.,Production       ,Field Operations,10/15/1980,MA,Laborer,Male,36153,Other,Widowed,Fully Meets,3
3776,Jacqueline,Hendrix,14-Oct-21,12,Benjamin Yates,jacqueline.hendrix@bilearner.com,WBL,commerce ,Contract,Zone A,Full-Time,Resignation,Goal someone serious myself way probably.,Production       ,General - Eng,4/28/1980,MA,Administrative,Male,34262,Black,Married,Fully Meets,3
3777,Kaitlin,Barker,9-Nov-21,12,Penny Estrada,kaitlin.barker@bilearner.com,TNS,commerce ,Contract,Zone C,Temporary,Unk,,Production       ,Aerial,3/21/1966,MA,Lineman,Male,12906,Black,Single,Fully Meets,3
3778,Semaj,Griffith,2-Apr-23,12,Frank Freeman,semaj.griffith@bilearner.com,SVG,commerce ,Full-Time,Zone A,Full-Time,Involuntary,Similar computer less four.,Production       ,Wireline Construction,2/9/1992,MA,Groundman,Male,30753,Other,Married,Fully Meets,3
3779,Damian,Burke,19-Oct-22,12,Regina Bryant MD,damian.burke@bilearner.com,PYZ,commerce ,Part-Time,Zone B,Temporary,Voluntary,About allow court us.,Production       ,Shop (Fleet),4/28/1963,MA,Technician,Female,60533,Other,Divorced,Fully Meets,3
3780,Jessie,Smith,9-May-20,12,Samantha Roberts,jessie.smith@bilearner.com,PL,commerce ,Part-Time,Zone C,Part-Time,Retirement,Everything look could economy PM fast.,Production       ,General - Con,11/16/1945,MA,Technician,Female,36882,Black,Widowed,Fully Meets,3
3781,Hezekiah,Cummings,18-Aug-19,12,Daniel Peterson,hezekiah.cummings@bilearner.com,NEL,commerce ,Contract,Zone B,Full-Time,Involuntary,Hot stay response fly himself accept.,Production       ,General - Con,1/23/1960,MA,Laborer,Male,62493,Black,Single,Fully Meets,3
3782,Brody,House,9-Mar-19,12,Dr. Matthew Harrell,brody.house@bilearner.com,MSC,commerce ,Full-Time,Zone B,Temporary,Retirement,Blood people direction all item.,Production       ,Field Operations,9/25/1984,MA,Driver,Male,92706,Asian,Widowed,Fully Meets,3
3783,Aaliyah,Watts,9-May-20,12,Jared Whitehead,aaliyah.watts@bilearner.com,EW,commerce ,Contract,Zone A,Full-Time,Unk,,Production       ,Fielders,4/11/1962,MA,Engineer,Male,7773,Asian,Divorced,Fully Meets,3
3784,Ashton,Larsen,14-Aug-22,12,William Price,ashton.larsen@bilearner.com,CCDR,commerce ,Contract,Zone A,Temporary,Unk,,Production       ,Splicing,3/14/1998,MA,Supervisor,Female,55514,White,Single,Fully Meets,3
3785,Joshua,Gibson,18-Jan-22,12,Sheri Jackson,joshua.gibson@bilearner.com,PL,commerce ,Contract,Zone C,Temporary,Unk,,Production       ,Project Management - Con,10/20/1977,MA,Director,Female,13406,Black,Divorced,Fully Meets,3
3786,Kyleigh,Bauer,22-Jun-21,12,Paul Richards,kyleigh.bauer@bilearner.com,PYZ,commerce ,Full-Time,Zone A,Part-Time,Resignation,Cost high must body defense population.,Production       ,Field Operations,6/10/1962,MA,Technician,Female,65379,Black,Divorced,Fully Meets,3
3787,Ramon,Schultz,19-Jan-23,12,Alexis Gutierrez,ramon.schultz@bilearner.com,SVG,commerce ,Full-Time,Zone C,Part-Time,Resignation,Peace anything sign third.,Production       ,General - Sga,8/29/1972,MA,Supervisor,Female,69445,White,Widowed,Fully Meets,3
3788,Maxim,Houston,17-May-23,12,Michael Mcclure,maxim.houston@bilearner.com,TNS,commerce ,Part-Time,Zone A,Full-Time,Involuntary,In read day your stay she.,Production       ,Field Operations,9/6/1976,MA,Foreman,Female,32440,Black,Married,Fully Meets,3
3789,Deanna,Sellers,7-Jun-20,12,Randall Frey,deanna.sellers@bilearner.com,WBL,commerce ,Contract,Zone A,Part-Time,Unk,,Production       ,Wireline Construction,5/25/1977,MA,Foreman,Female,30804,Other,Widowed,Fully Meets,3
3790,Frankie,Figueroa,7-Jul-23,12,Matthew Le,frankie.figueroa@bilearner.com,PYZ,commerce ,Full-Time,Zone A,Temporary,Resignation,Simply Mrs moment seven feel time.,Production       ,Yard (Material Handling),12/11/1962,MA,Laborer,Female,17247,Hispanic,Single,Fully Meets,3
3791,Bentley,Rush,28-Mar-20,12,Ashley Petty,bentley.rush@bilearner.com,WBL,commerce ,Full-Time,Zone B,Full-Time,Unk,,Production       ,Finance & Accounting,2/2/1978,MA,Administration,Female,32417,Asian,Divorced,Fully Meets,3
3792,Alexia,Pham,23-May-19,12,Angela Shaffer,alexia.pham@bilearner.com,NEL,commerce ,Part-Time,Zone C,Full-Time,Retirement,Analysis listen here fight.,Production       ,Engineers,6/8/1998,MA,Engineer,Male,50738,White,Married,Fully Meets,3
3793,Roselyn,Roberts,20-Apr-19,12,Steven Walton,roselyn.roberts@bilearner.com,PL,commerce ,Full-Time,Zone B,Full-Time,Unk,,Production       ,General - Con,1/15/1952,MA,Manager,Male,34278,Asian,Married,Fully Meets,3
3794,Ayden,Chambers,9-Sep-18,12,Abigail Robinson,ayden.chambers@bilearner.com,BPC,commerce ,Contract,Zone A,Full-Time,Unk,,Production       ,General - Con,1/20/1996,MA,Foreman,Male,40836,Asian,Widowed,Fully Meets,5
3795,Kaitlynn,Serrano,14-Jul-22,12,Brandi Howell,kaitlynn.serrano@bilearner.com,CCDR,commerce ,Part-Time,Zone A,Part-Time,Unk,,Production       ,General - Sga,8/1/1989,MA,Manager,Male,59081,White,Divorced,Exceeds,3
3796,Jefferson,White,17-Apr-19,12,Connie Blackburn,jefferson.white@bilearner.com,SVG,commerce ,Contract,Zone A,Part-Time,Resignation,Better above culture throughout life me.,Production       ,General - Con,8/27/1964,MA,Laborer,Female,82019,Hispanic,Married,Exceeds,3
3797,Maria,Grant,15-May-20,12,Connie Martinez,maria.grant@bilearner.com,EW,commerce ,Contract,Zone A,Full-Time,Unk,,Production       ,Catv,6/26/1975,MA,Splicer,Female,32969,Black,Married,Fully Meets,3
3798,Bryanna,Ibarra,4-Apr-20,12,Cheryl Martinez,bryanna.ibarra@bilearner.com,MSC,commerce ,Full-Time,Zone C,Full-Time,Voluntary,Town impact science learn break talk.,Production       ,General - Con,12/21/1961,MA,Lineman,Male,36648,Other,Widowed,Fully Meets,3
3799,Sophie,Zavala,15-Oct-22,12,Ryan Carlson,sophie.zavala@bilearner.com,TNS,commerce ,Full-Time,Zone A,Temporary,Unk,,Production       ,Executive,11/24/1964,MA,Director,Male,95984,Hispanic,Single,Exceeds,3
3800,Amya,Grant,11-Jul-19,12,Jamie Henderson,amya.grant@bilearner.com,PYZ,commerce ,Contract,Zone C,Part-Time,Unk,,Production       ,General - Sga,12/9/1950,MA,Administrator,Male,31864,Other,Married,Fully Meets,3
3801,Jaydan,Neal,2-Oct-19,12,Jamie Stark,jaydan.neal@bilearner.com,WBL,commerce ,Contract,Zone C,Temporary,Unk,,Production       ,Field Operations,1/18/1948,MA,Laborer,Female,54738,Hispanic,Single,Fully Meets,3
3802,Amiyah,Ramirez,4-Mar-21,12,Michael Andrade,amiyah.ramirez@bilearner.com,NEL,commerce ,Full-Time,Zone A,Full-Time,Unk,,Production       ,Field Operations,3/28/1947,MA,Project Manager,Male,65896,White,Divorced,Fully Meets,3
3803,Kai,Holt,10-Feb-21,12,Jason Haley,kai.holt@bilearner.com,PL,commerce ,Contract,Zone B,Full-Time,Resignation,Cup arm drug place level table staff.,Production       ,Field Operations,5/12/1985,MA,Tower Hand,Female,35618,Black,Single,Fully Meets,3
3804,Brendon,Wilson,15-May-19,12,Virginia Short,brendon.wilson@bilearner.com,BPC,commerce ,Full-Time,Zone C,Part-Time,Unk,,Production       ,General - Con,9/26/1978,MA,Lineman,Female,17561,Hispanic,Single,Fully Meets,3
3805,Nancy,Short,28-Apr-22,12,Heather Bell,nancy.short@bilearner.com,CCDR,commerce ,Full-Time,Zone B,Part-Time,Unk,,Production       ,General - Con,4/23/1982,MA,Mechanic,Male,13779,Other,Divorced,Fully Meets,3
3806,Isabella,Wilkins,23-Sep-21,12,Maria Obrien,isabella.wilkins@bilearner.com,SVG,commerce ,Contract,Zone C,Temporary,Resignation,Everybody list to. Green best stock yes happen.,Production       ,Field Operations,9/1/1974,MA,Groundman,Male,31026,Other,Married,Fully Meets,3
3807,Mayra,Moss,15-Sep-21,12,George Doyle,mayra.moss@bilearner.com,EW,commerce ,Contract,Zone C,Temporary,Resignation,Family identify bar modern. Yeah article rest.,Production       ,Project Management - Con,5/16/1964,MA,Manager,Male,84074,Asian,Single,Fully Meets,3
3808,Maria,Gonzalez,27-Apr-19,12,Jason Miller,maria.gonzalez@bilearner.com,PYZ,commerce ,Contract,Zone B,Full-Time,Resignation,Address control day. Election safe free capital.,IT/IS,General - Sga,1/16/1948,MA,Administrator,Female,2472,White,Widowed,Fully Meets,3
3809,Jumil,Turpin,6-Oct-19,12,Raymond Bird,jumil.turpin@bilearner.com,TNS,commerce ,Part-Time,Zone B,Part-Time,Resignation,Somebody arm memory pull word.,IT/IS,Field Operations,1/20/2001,MA,Foreman,Male,2343,Hispanic,Single,Fully Meets,3
3810,Ann,Daniele,16-Feb-20,12,Thomas Wilson,ann.daniele@bilearner.com,PL,commerce ,Full-Time,Zone A,Temporary,Unk,,IT/IS,General - Sga,10/10/1959,CT,Administrator,Female,6033,Black,Single,Fully Meets,3
3811,Joe,South,14-May-22,12,Robin Wilson,joe.south@bilearner.com,PL,commerce ,Part-Time,Zone B,Temporary,Involuntary,Back prove second tax air.,IT/IS,Fielders,3/11/1958,CT,Engineer,Male,6278,Hispanic,Widowed,Fully Meets,3
3812,Sarah,Warfield,13-Feb-19,12,Julie Lewis,sarah.warfield@bilearner.com,BPC,commerce ,Contract,Zone B,Full-Time,Resignation,Center west table security.,IT/IS,General - Eng,5/24/1985,MA,Administrative,Female,2453,Hispanic,Single,Fully Meets,3
3813,Alejandro,Bacong,24-Aug-22,12,Joseph Mathews,alejandro.bacong@bilearner.com,SVG,commerce ,Part-Time,Zone A,Part-Time,Unk,,IT/IS,Engineers,2/25/1955,MA,Engineer,Male,1886,Hispanic,Widowed,Fully Meets,3
3814,Jyoti,Lajiri,7-Jan-19,12,Karen Crawford,jyoti.lajiri@bilearner.com,EW,commerce ,Part-Time,Zone C,Full-Time,Retirement,Short quality fall name get science throughout.,IT/IS,Engineers,4/17/1955,MA,Coordinator,Male,2169,Black,Widowed,Fully Meets,3
3815,Neville,Tredinnick,26-Mar-21,12,Mary Mcmillan,neville.tredinnick@bilearner.com,SVG,commerce ,Contract,Zone C,Part-Time,Unk,,IT/IS,Project Management - Con,5/26/1984,MA,Coordinator,Male,1420,White,Divorced,Fully Meets,3
3816,Anthony,Cisco,1-May-21,12,Kyle Adams,anthony.cisco@bilearner.com,WBL,commerce ,Full-Time,Zone A,Temporary,Unk,,IT/IS,Field Operations,8/10/1956,MA,Technician,Male,2135,Hispanic,Single,Fully Meets,3
3817,Linda,Dolan,10-Oct-21,12,Jamie Baker,linda.dolan@bilearner.com,CCDR,commerce ,Part-Time,Zone A,Full-Time,Resignation,Firm national vote result.,IT/IS,General - Con,1/1/1978,MA,Technician,Female,2119,Black,Single,Needs Improvement,3
3818,Carlos,Merlos,2-Jan-20,12,Daniel White,carlos.merlos@bilearner.com,CCDR,commerce ,Part-Time,Zone A,Part-Time,Voluntary,Car book street pull try brother.,IT/IS,Wireless,6/15/1950,MA,Technician,Male,2138,Asian,Single,Fully Meets,3
3819,Tanya,Morway,20-Jan-20,12,William Johnson,tanya.morway@bilearner.com,MSC,commerce ,Full-Time,Zone B,Part-Time,Unk,,IT/IS,Aerial,11/26/1957,MA,Foreman,Female,2048,Asian,Single,Fully Meets,3
3820,Anita,Shepard,11-Aug-18,12,George Tran,anita.shepard@bilearner.com,EW,commerce ,Contract,Zone C,Full-Time,Voluntary,Pattern son memory power citizen personal unit.,IT/IS,General - Con,9/29/1976,MA,Foreman,Female,1773,Other,Divorced,Fully Meets,3
3821,Jeremiah,Semizoglou,18-Dec-21,12,Jonathan Knight,jeremiah.semizoglou@bilearner.com,TNS,commerce ,Contract,Zone A,Temporary,Unk,,IT/IS,Field Operations,4/3/1981,MA,Manager,Male,1545,White,Single,Fully Meets,3
3822,Katrina,Lambert,24-Sep-19,12,Calvin Williamson,katrina.lambert@bilearner.com,WBL,commerce ,Full-Time,Zone B,Part-Time,Retirement,Nice sit hotel doctor.,Executive Office,General - Con,9/18/1975,MA,Technician,Male,56727,Hispanic,Divorced,Fully Meets,3
3823,Alexzander,Pope,17-Oct-22,12,David Rodriguez,alexzander.pope@bilearner.com,TNS,commerce ,Full-Time,Zone A,Temporary,Involuntary,Word once speech mind.,Executive Office,Shop (Fleet),8/24/1987,MA,Supervisor,Male,12469,White,Single,Needs Improvement,3
3824,Derek,Holmes,7-Jan-20,12,Carolyn Richards,derek.holmes@bilearner.com,SVG,commerce ,Contract,Zone C,Full-Time,Unk,,IT/IS,General - Sga,11/21/1948,MA,Administrator,Male,83312,Black,Single,Fully Meets,3
3825,Danika,Deleon,5-Nov-22,12,Karen York,danika.deleon@bilearner.com,PYZ,commerce ,Full-Time,Zone A,Part-Time,Unk,,IT/IS,Field Operations,5/23/1998,MA,Tower Hand,Male,97413,Black,Married,Fully Meets,3
